Nom de l'autorité,Uuid,Nom complet du contact,Adresse email du contact,uuid (from Certifications),Code (from Départements)
Organisme Certificateur de la branche du Sport (OCSport)-NATIONAL,da682658-a9df-4eae-ac5e-cc451d1e6e32,Maud CORSO,vae@ocsport.org,3058c5b0-2812-4f0a-9551-d3944765fc4a,"971, 973, 972, 974, 976, 01, 02, 03, 04, 05, 06, 07, 08, 09, 10, 11, 12, 67, 13, 14, 15, 16, 17, 18, 19, 2A, 21, 22, 23, 79, 24, 25, 26, 27, 28, 29, 30, 32, 33, 2B, 31, 43, 52, 65, 70, 74, 34, 35, 36, 37, 38, 39, 40, 41, 42, 44, 45, 46, 47, 48, 49, 50, 51, 53, 54, 55, 56, 57, 58, 59, 60, 61, 75, 62, 63, 66, 69, 71, 72, 73, 77, 76, 93, 80, 81, 82, 90, 95, 94, 83, 84, 85, 86, 88, 89, 78"
UIMM-Auvergne-Rhône-Alpes,4bd23c92-760f-4f0d-8495-1a5df6d0773a,Didier CHASTANG,d.chastang@uimmlyon.com,"3167a87a-8e09-48c8-aa7c-869d0f9a83ce, de19ed2d-4dcd-4c7d-a350-a29e599d79cd, 948ae2aa-55ec-4548-a5b8-57b13e81742f, f25ede67-4db9-4c99-a749-36d78472d15f, 74c29134-e561-451d-beab-daabcd92097a, ee4a09ea-9dfe-4ed4-9d2f-4d893d3a817d, a6af659b-a3eb-408d-8b67-ec0226662ccb, 611a5cab-dc2a-4a7e-9f8c-fdec06a6f747, 68e62887-3c44-4138-bfac-e5461690ad4e, e6152772-ac8e-42ae-9379-5975ad1c2ab3, 3683e487-9f88-40f9-8617-b9b32a27d892, d3cf36ac-1f22-4e97-b735-357388a0973b, 79e5b34c-415f-4ef4-a3ad-a5c78ee39f30, 7eea9c96-ea66-4f9e-b83c-94e717d12ff5, dedc41ed-e988-4cfa-9e62-a66a30224512, 62e2b5f2-ae45-490b-ba07-243f430c3855, 388974cb-58cd-4eae-83ff-c051e5b36e32, 4f5fe03e-c81c-413c-98b5-caa2f62ecb1b, 0d8cb208-d9d4-412c-9191-3e9e1ac02065, 0c5d85b2-fc67-476f-8e2a-e5de636dc5d4, 90e4c743-2661-48a2-ae06-dfc5efc8f3fd, b801ac17-75d8-4854-8402-3c00d3d33332, 37dabca3-7d89-4175-9cf8-4364889f42c2, 276fe0c6-8f56-4219-879a-1fb176c55156, b0e7a721-5d24-47b4-95d8-29b17a9e19f0, 9dbfa19b-e155-410b-a22c-7f33777554ad, 651ccfb5-9d22-4472-8a7c-87ea424637a0, d27e8173-5837-4b9f-bbf0-8e86a343a373, d4265850-6f8a-4a8f-9351-9b87967b8b36, 1d04865a-5917-4d33-a3fc-69293f155373, 4c5ae50a-36a8-4f8e-af49-215b4f20cf7b, 0c8d5943-4ec3-4b8b-98fe-c451b5046dd7, fb0945b3-2bf0-457d-93c8-d9111404d7e9, c4b4c659-31b3-4cc4-a660-6bece954ebf1, 00fa1e5b-1535-4cb6-b542-0dad27dd6341, cf35f1af-73f7-47bb-81a0-5aa7a92c06b5, cc3afdb4-4c6e-4ac0-bed2-ff87ec375182, cf8cc836-78a9-49af-8fbe-5113d424ba97, 9dffc2b8-4f59-40a2-834f-56bfd42cb200, 596064ed-b93c-44e8-b25c-ae65414d3e88, 3bf6cafe-07e2-4781-9e4e-51ed777130bc, 0798e233-d7ca-4620-8f80-69358ff5c6e4, fb0ef528-3e9d-4ca6-a49f-7ba438a389d0, 6e1c39f2-ee63-414f-acb3-c2c44c6ef1e0, e070a519-f5b9-4b5d-80d5-29c9db5d5384, a857cde6-5cb1-4594-9ba2-603a6e5f4143, 32d7de30-5f9b-4405-936e-477db3d1feff, cc2cfe76-1a25-45ee-901a-24163a6f12ac, eab6d995-2276-4937-be40-d4127ec40a06, 1504d576-82e5-449d-9597-1350fbdbfa50, 49a2bdd4-9eba-4fdb-9f6e-3c222652952a, 966a731f-de21-4734-8c2e-19c89c8894f5, ab1fe5d5-4101-4474-999b-731fd643f133, 08f8fdfa-fb5b-47d1-b30e-fd457a0c9d96, d5a972ee-de70-4cf0-bf77-639c54c88257, 80d7cfff-f52d-49bf-9218-f48935e30972, 06ff29df-f235-4e83-87e4-eb1e93aa1ef6, 3137a34b-1feb-401b-bc78-3c1a1992cf94, 0cc30e1b-865b-4901-9d0b-3fea40a8ebc8, df5a20db-c84a-45ca-841a-ded468cda667, dc31049f-ac88-44eb-aac0-d895f95b862b, de3c9193-21ea-420c-a320-b599da95a4b2, c17f6af3-4a15-408c-8db4-42165ac3b6b4, b6bd201f-910f-4e0d-aca4-8ecba44b3c76, bb987d3f-fb13-47cf-9b1d-93e0117d581c, e337098d-f278-4b10-94f2-e890bf91fc32, f43c9625-d9c1-4cad-9188-28815046ecd3, b2ec54c2-4630-484c-9976-394be8aaeeb3, b528cb34-490d-49a8-bd49-162b3c518c98","01, 03, 07, 15, 26, 38, 42, 43, 63, 69, 73, 74"
UIMM-Bretagne,ecd03a16-81a7-4afb-8183-146c9c187ee8,Maryline DAIREAUX,m.daireaux@uimm35-56.com,"3167a87a-8e09-48c8-aa7c-869d0f9a83ce, de19ed2d-4dcd-4c7d-a350-a29e599d79cd, 948ae2aa-55ec-4548-a5b8-57b13e81742f, f25ede67-4db9-4c99-a749-36d78472d15f, 74c29134-e561-451d-beab-daabcd92097a, ee4a09ea-9dfe-4ed4-9d2f-4d893d3a817d, a6af659b-a3eb-408d-8b67-ec0226662ccb, 611a5cab-dc2a-4a7e-9f8c-fdec06a6f747, 68e62887-3c44-4138-bfac-e5461690ad4e, e6152772-ac8e-42ae-9379-5975ad1c2ab3, 3683e487-9f88-40f9-8617-b9b32a27d892, d3cf36ac-1f22-4e97-b735-357388a0973b, 79e5b34c-415f-4ef4-a3ad-a5c78ee39f30, 7eea9c96-ea66-4f9e-b83c-94e717d12ff5, dedc41ed-e988-4cfa-9e62-a66a30224512, 62e2b5f2-ae45-490b-ba07-243f430c3855, 388974cb-58cd-4eae-83ff-c051e5b36e32, 4f5fe03e-c81c-413c-98b5-caa2f62ecb1b, 0d8cb208-d9d4-412c-9191-3e9e1ac02065, 0c5d85b2-fc67-476f-8e2a-e5de636dc5d4, 90e4c743-2661-48a2-ae06-dfc5efc8f3fd, b801ac17-75d8-4854-8402-3c00d3d33332, 37dabca3-7d89-4175-9cf8-4364889f42c2, 276fe0c6-8f56-4219-879a-1fb176c55156, b0e7a721-5d24-47b4-95d8-29b17a9e19f0, 9dbfa19b-e155-410b-a22c-7f33777554ad, 651ccfb5-9d22-4472-8a7c-87ea424637a0, d27e8173-5837-4b9f-bbf0-8e86a343a373, d4265850-6f8a-4a8f-9351-9b87967b8b36, 1d04865a-5917-4d33-a3fc-69293f155373, 4c5ae50a-36a8-4f8e-af49-215b4f20cf7b, 0c8d5943-4ec3-4b8b-98fe-c451b5046dd7, fb0945b3-2bf0-457d-93c8-d9111404d7e9, c4b4c659-31b3-4cc4-a660-6bece954ebf1, 00fa1e5b-1535-4cb6-b542-0dad27dd6341, cf35f1af-73f7-47bb-81a0-5aa7a92c06b5, cc3afdb4-4c6e-4ac0-bed2-ff87ec375182, cf8cc836-78a9-49af-8fbe-5113d424ba97, 9dffc2b8-4f59-40a2-834f-56bfd42cb200, 596064ed-b93c-44e8-b25c-ae65414d3e88, 3bf6cafe-07e2-4781-9e4e-51ed777130bc, 0798e233-d7ca-4620-8f80-69358ff5c6e4, fb0ef528-3e9d-4ca6-a49f-7ba438a389d0, 6e1c39f2-ee63-414f-acb3-c2c44c6ef1e0, e070a519-f5b9-4b5d-80d5-29c9db5d5384, a857cde6-5cb1-4594-9ba2-603a6e5f4143, 32d7de30-5f9b-4405-936e-477db3d1feff, cc2cfe76-1a25-45ee-901a-24163a6f12ac, eab6d995-2276-4937-be40-d4127ec40a06, 1504d576-82e5-449d-9597-1350fbdbfa50, 49a2bdd4-9eba-4fdb-9f6e-3c222652952a, 966a731f-de21-4734-8c2e-19c89c8894f5, ab1fe5d5-4101-4474-999b-731fd643f133, 08f8fdfa-fb5b-47d1-b30e-fd457a0c9d96, d5a972ee-de70-4cf0-bf77-639c54c88257, 80d7cfff-f52d-49bf-9218-f48935e30972, 06ff29df-f235-4e83-87e4-eb1e93aa1ef6, 3137a34b-1feb-401b-bc78-3c1a1992cf94, 0cc30e1b-865b-4901-9d0b-3fea40a8ebc8, df5a20db-c84a-45ca-841a-ded468cda667, dc31049f-ac88-44eb-aac0-d895f95b862b, de3c9193-21ea-420c-a320-b599da95a4b2, c17f6af3-4a15-408c-8db4-42165ac3b6b4, b6bd201f-910f-4e0d-aca4-8ecba44b3c76, bb987d3f-fb13-47cf-9b1d-93e0117d581c, e337098d-f278-4b10-94f2-e890bf91fc32, f43c9625-d9c1-4cad-9188-28815046ecd3, b2ec54c2-4630-484c-9976-394be8aaeeb3, b528cb34-490d-49a8-bd49-162b3c518c98","22, 29, 35, 56"
UIMM-Occitanie,d17f8f70-4313-48f7-8c5f-181182705a8f,Cyrielle PAGNUCCO,cpagnucco@uimmoccitanie.com,"3167a87a-8e09-48c8-aa7c-869d0f9a83ce, de19ed2d-4dcd-4c7d-a350-a29e599d79cd, 948ae2aa-55ec-4548-a5b8-57b13e81742f, f25ede67-4db9-4c99-a749-36d78472d15f, 74c29134-e561-451d-beab-daabcd92097a, ee4a09ea-9dfe-4ed4-9d2f-4d893d3a817d, a6af659b-a3eb-408d-8b67-ec0226662ccb, 611a5cab-dc2a-4a7e-9f8c-fdec06a6f747, 68e62887-3c44-4138-bfac-e5461690ad4e, e6152772-ac8e-42ae-9379-5975ad1c2ab3, 3683e487-9f88-40f9-8617-b9b32a27d892, d3cf36ac-1f22-4e97-b735-357388a0973b, 79e5b34c-415f-4ef4-a3ad-a5c78ee39f30, 7eea9c96-ea66-4f9e-b83c-94e717d12ff5, dedc41ed-e988-4cfa-9e62-a66a30224512, 62e2b5f2-ae45-490b-ba07-243f430c3855, 388974cb-58cd-4eae-83ff-c051e5b36e32, 4f5fe03e-c81c-413c-98b5-caa2f62ecb1b, 0d8cb208-d9d4-412c-9191-3e9e1ac02065, 0c5d85b2-fc67-476f-8e2a-e5de636dc5d4, 90e4c743-2661-48a2-ae06-dfc5efc8f3fd, b801ac17-75d8-4854-8402-3c00d3d33332, 37dabca3-7d89-4175-9cf8-4364889f42c2, 276fe0c6-8f56-4219-879a-1fb176c55156, b0e7a721-5d24-47b4-95d8-29b17a9e19f0, 9dbfa19b-e155-410b-a22c-7f33777554ad, 651ccfb5-9d22-4472-8a7c-87ea424637a0, d27e8173-5837-4b9f-bbf0-8e86a343a373, d4265850-6f8a-4a8f-9351-9b87967b8b36, 1d04865a-5917-4d33-a3fc-69293f155373, 4c5ae50a-36a8-4f8e-af49-215b4f20cf7b, 0c8d5943-4ec3-4b8b-98fe-c451b5046dd7, fb0945b3-2bf0-457d-93c8-d9111404d7e9, c4b4c659-31b3-4cc4-a660-6bece954ebf1, 00fa1e5b-1535-4cb6-b542-0dad27dd6341, cf35f1af-73f7-47bb-81a0-5aa7a92c06b5, cc3afdb4-4c6e-4ac0-bed2-ff87ec375182, cf8cc836-78a9-49af-8fbe-5113d424ba97, 9dffc2b8-4f59-40a2-834f-56bfd42cb200, 596064ed-b93c-44e8-b25c-ae65414d3e88, 3bf6cafe-07e2-4781-9e4e-51ed777130bc, 0798e233-d7ca-4620-8f80-69358ff5c6e4, fb0ef528-3e9d-4ca6-a49f-7ba438a389d0, 6e1c39f2-ee63-414f-acb3-c2c44c6ef1e0, e070a519-f5b9-4b5d-80d5-29c9db5d5384, a857cde6-5cb1-4594-9ba2-603a6e5f4143, 32d7de30-5f9b-4405-936e-477db3d1feff, cc2cfe76-1a25-45ee-901a-24163a6f12ac, eab6d995-2276-4937-be40-d4127ec40a06, 1504d576-82e5-449d-9597-1350fbdbfa50, 49a2bdd4-9eba-4fdb-9f6e-3c222652952a, 966a731f-de21-4734-8c2e-19c89c8894f5, ab1fe5d5-4101-4474-999b-731fd643f133, 08f8fdfa-fb5b-47d1-b30e-fd457a0c9d96, d5a972ee-de70-4cf0-bf77-639c54c88257, 80d7cfff-f52d-49bf-9218-f48935e30972, 06ff29df-f235-4e83-87e4-eb1e93aa1ef6, 3137a34b-1feb-401b-bc78-3c1a1992cf94, 0cc30e1b-865b-4901-9d0b-3fea40a8ebc8, df5a20db-c84a-45ca-841a-ded468cda667, dc31049f-ac88-44eb-aac0-d895f95b862b, de3c9193-21ea-420c-a320-b599da95a4b2, c17f6af3-4a15-408c-8db4-42165ac3b6b4, b6bd201f-910f-4e0d-aca4-8ecba44b3c76, bb987d3f-fb13-47cf-9b1d-93e0117d581c, e337098d-f278-4b10-94f2-e890bf91fc32, f43c9625-d9c1-4cad-9188-28815046ecd3, b2ec54c2-4630-484c-9976-394be8aaeeb3, b528cb34-490d-49a8-bd49-162b3c518c98","09, 11, 12, 30, 32, 31, 65, 34, 46, 48, 66, 81, 82"
UIMM-Hauts-de-France,e41e2a45-e428-4151-923e-9b4eea5b67c2,Pauline GOUZON,pauline.gouzon@uimmgh.com,"3167a87a-8e09-48c8-aa7c-869d0f9a83ce, de19ed2d-4dcd-4c7d-a350-a29e599d79cd, 948ae2aa-55ec-4548-a5b8-57b13e81742f, f25ede67-4db9-4c99-a749-36d78472d15f, 74c29134-e561-451d-beab-daabcd92097a, ee4a09ea-9dfe-4ed4-9d2f-4d893d3a817d, a6af659b-a3eb-408d-8b67-ec0226662ccb, 611a5cab-dc2a-4a7e-9f8c-fdec06a6f747, 68e62887-3c44-4138-bfac-e5461690ad4e, e6152772-ac8e-42ae-9379-5975ad1c2ab3, 3683e487-9f88-40f9-8617-b9b32a27d892, d3cf36ac-1f22-4e97-b735-357388a0973b, 79e5b34c-415f-4ef4-a3ad-a5c78ee39f30, 7eea9c96-ea66-4f9e-b83c-94e717d12ff5, dedc41ed-e988-4cfa-9e62-a66a30224512, 62e2b5f2-ae45-490b-ba07-243f430c3855, 388974cb-58cd-4eae-83ff-c051e5b36e32, 4f5fe03e-c81c-413c-98b5-caa2f62ecb1b, 0d8cb208-d9d4-412c-9191-3e9e1ac02065, 0c5d85b2-fc67-476f-8e2a-e5de636dc5d4, 90e4c743-2661-48a2-ae06-dfc5efc8f3fd, b801ac17-75d8-4854-8402-3c00d3d33332, 37dabca3-7d89-4175-9cf8-4364889f42c2, 276fe0c6-8f56-4219-879a-1fb176c55156, b0e7a721-5d24-47b4-95d8-29b17a9e19f0, 9dbfa19b-e155-410b-a22c-7f33777554ad, 651ccfb5-9d22-4472-8a7c-87ea424637a0, d27e8173-5837-4b9f-bbf0-8e86a343a373, d4265850-6f8a-4a8f-9351-9b87967b8b36, 1d04865a-5917-4d33-a3fc-69293f155373, 4c5ae50a-36a8-4f8e-af49-215b4f20cf7b, 0c8d5943-4ec3-4b8b-98fe-c451b5046dd7, fb0945b3-2bf0-457d-93c8-d9111404d7e9, c4b4c659-31b3-4cc4-a660-6bece954ebf1, 00fa1e5b-1535-4cb6-b542-0dad27dd6341, cf35f1af-73f7-47bb-81a0-5aa7a92c06b5, cc3afdb4-4c6e-4ac0-bed2-ff87ec375182, cf8cc836-78a9-49af-8fbe-5113d424ba97, 9dffc2b8-4f59-40a2-834f-56bfd42cb200, 596064ed-b93c-44e8-b25c-ae65414d3e88, 3bf6cafe-07e2-4781-9e4e-51ed777130bc, 0798e233-d7ca-4620-8f80-69358ff5c6e4, fb0ef528-3e9d-4ca6-a49f-7ba438a389d0, 6e1c39f2-ee63-414f-acb3-c2c44c6ef1e0, e070a519-f5b9-4b5d-80d5-29c9db5d5384, a857cde6-5cb1-4594-9ba2-603a6e5f4143, 32d7de30-5f9b-4405-936e-477db3d1feff, cc2cfe76-1a25-45ee-901a-24163a6f12ac, eab6d995-2276-4937-be40-d4127ec40a06, 1504d576-82e5-449d-9597-1350fbdbfa50, 49a2bdd4-9eba-4fdb-9f6e-3c222652952a, 966a731f-de21-4734-8c2e-19c89c8894f5, ab1fe5d5-4101-4474-999b-731fd643f133, 08f8fdfa-fb5b-47d1-b30e-fd457a0c9d96, d5a972ee-de70-4cf0-bf77-639c54c88257, 80d7cfff-f52d-49bf-9218-f48935e30972, 06ff29df-f235-4e83-87e4-eb1e93aa1ef6, 3137a34b-1feb-401b-bc78-3c1a1992cf94, 0cc30e1b-865b-4901-9d0b-3fea40a8ebc8, df5a20db-c84a-45ca-841a-ded468cda667, dc31049f-ac88-44eb-aac0-d895f95b862b, de3c9193-21ea-420c-a320-b599da95a4b2, c17f6af3-4a15-408c-8db4-42165ac3b6b4, b6bd201f-910f-4e0d-aca4-8ecba44b3c76, bb987d3f-fb13-47cf-9b1d-93e0117d581c, e337098d-f278-4b10-94f2-e890bf91fc32, f43c9625-d9c1-4cad-9188-28815046ecd3, b2ec54c2-4630-484c-9976-394be8aaeeb3, b528cb34-490d-49a8-bd49-162b3c518c98","02, 59, 60, 62, 80"
UIMM-Île-de-France,80aaa372-5e62-467d-a7f4-3eed39c3677a,Christophe JURKEW,christophe.jurkew@gim-idf.fr,"3167a87a-8e09-48c8-aa7c-869d0f9a83ce, de19ed2d-4dcd-4c7d-a350-a29e599d79cd, 948ae2aa-55ec-4548-a5b8-57b13e81742f, f25ede67-4db9-4c99-a749-36d78472d15f, 74c29134-e561-451d-beab-daabcd92097a, ee4a09ea-9dfe-4ed4-9d2f-4d893d3a817d, a6af659b-a3eb-408d-8b67-ec0226662ccb, 611a5cab-dc2a-4a7e-9f8c-fdec06a6f747, 68e62887-3c44-4138-bfac-e5461690ad4e, e6152772-ac8e-42ae-9379-5975ad1c2ab3, 3683e487-9f88-40f9-8617-b9b32a27d892, d3cf36ac-1f22-4e97-b735-357388a0973b, 79e5b34c-415f-4ef4-a3ad-a5c78ee39f30, 7eea9c96-ea66-4f9e-b83c-94e717d12ff5, dedc41ed-e988-4cfa-9e62-a66a30224512, 62e2b5f2-ae45-490b-ba07-243f430c3855, 388974cb-58cd-4eae-83ff-c051e5b36e32, 4f5fe03e-c81c-413c-98b5-caa2f62ecb1b, 0d8cb208-d9d4-412c-9191-3e9e1ac02065, 0c5d85b2-fc67-476f-8e2a-e5de636dc5d4, 90e4c743-2661-48a2-ae06-dfc5efc8f3fd, b801ac17-75d8-4854-8402-3c00d3d33332, 37dabca3-7d89-4175-9cf8-4364889f42c2, 276fe0c6-8f56-4219-879a-1fb176c55156, b0e7a721-5d24-47b4-95d8-29b17a9e19f0, 9dbfa19b-e155-410b-a22c-7f33777554ad, 651ccfb5-9d22-4472-8a7c-87ea424637a0, d27e8173-5837-4b9f-bbf0-8e86a343a373, d4265850-6f8a-4a8f-9351-9b87967b8b36, 1d04865a-5917-4d33-a3fc-69293f155373, 4c5ae50a-36a8-4f8e-af49-215b4f20cf7b, 0c8d5943-4ec3-4b8b-98fe-c451b5046dd7, fb0945b3-2bf0-457d-93c8-d9111404d7e9, c4b4c659-31b3-4cc4-a660-6bece954ebf1, 00fa1e5b-1535-4cb6-b542-0dad27dd6341, cf35f1af-73f7-47bb-81a0-5aa7a92c06b5, cc3afdb4-4c6e-4ac0-bed2-ff87ec375182, cf8cc836-78a9-49af-8fbe-5113d424ba97, 9dffc2b8-4f59-40a2-834f-56bfd42cb200, 596064ed-b93c-44e8-b25c-ae65414d3e88, 3bf6cafe-07e2-4781-9e4e-51ed777130bc, 0798e233-d7ca-4620-8f80-69358ff5c6e4, fb0ef528-3e9d-4ca6-a49f-7ba438a389d0, 6e1c39f2-ee63-414f-acb3-c2c44c6ef1e0, e070a519-f5b9-4b5d-80d5-29c9db5d5384, a857cde6-5cb1-4594-9ba2-603a6e5f4143, 32d7de30-5f9b-4405-936e-477db3d1feff, cc2cfe76-1a25-45ee-901a-24163a6f12ac, eab6d995-2276-4937-be40-d4127ec40a06, 1504d576-82e5-449d-9597-1350fbdbfa50, 49a2bdd4-9eba-4fdb-9f6e-3c222652952a, 966a731f-de21-4734-8c2e-19c89c8894f5, ab1fe5d5-4101-4474-999b-731fd643f133, 08f8fdfa-fb5b-47d1-b30e-fd457a0c9d96, d5a972ee-de70-4cf0-bf77-639c54c88257, 80d7cfff-f52d-49bf-9218-f48935e30972, 06ff29df-f235-4e83-87e4-eb1e93aa1ef6, 3137a34b-1feb-401b-bc78-3c1a1992cf94, 0cc30e1b-865b-4901-9d0b-3fea40a8ebc8, df5a20db-c84a-45ca-841a-ded468cda667, dc31049f-ac88-44eb-aac0-d895f95b862b, de3c9193-21ea-420c-a320-b599da95a4b2, c17f6af3-4a15-408c-8db4-42165ac3b6b4, b6bd201f-910f-4e0d-aca4-8ecba44b3c76, bb987d3f-fb13-47cf-9b1d-93e0117d581c, e337098d-f278-4b10-94f2-e890bf91fc32, f43c9625-d9c1-4cad-9188-28815046ecd3, b2ec54c2-4630-484c-9976-394be8aaeeb3, b528cb34-490d-49a8-bd49-162b3c518c98","75, 77, 78, 91, 92, 93, 94, 95"
UIMM-Bretagne,16435414-9c45-4d4f-9697-92c11944cdde,Tiphaine L'HOSTIS,tiphaine.lhostis@uimm29.bzh,"3167a87a-8e09-48c8-aa7c-869d0f9a83ce, de19ed2d-4dcd-4c7d-a350-a29e599d79cd, 948ae2aa-55ec-4548-a5b8-57b13e81742f, f25ede67-4db9-4c99-a749-36d78472d15f, 74c29134-e561-451d-beab-daabcd92097a, ee4a09ea-9dfe-4ed4-9d2f-4d893d3a817d, a6af659b-a3eb-408d-8b67-ec0226662ccb, 611a5cab-dc2a-4a7e-9f8c-fdec06a6f747, 68e62887-3c44-4138-bfac-e5461690ad4e, e6152772-ac8e-42ae-9379-5975ad1c2ab3, 3683e487-9f88-40f9-8617-b9b32a27d892, d3cf36ac-1f22-4e97-b735-357388a0973b, 79e5b34c-415f-4ef4-a3ad-a5c78ee39f30, 7eea9c96-ea66-4f9e-b83c-94e717d12ff5, dedc41ed-e988-4cfa-9e62-a66a30224512, 62e2b5f2-ae45-490b-ba07-243f430c3855, 388974cb-58cd-4eae-83ff-c051e5b36e32, 4f5fe03e-c81c-413c-98b5-caa2f62ecb1b, 0d8cb208-d9d4-412c-9191-3e9e1ac02065, 0c5d85b2-fc67-476f-8e2a-e5de636dc5d4, 90e4c743-2661-48a2-ae06-dfc5efc8f3fd, b801ac17-75d8-4854-8402-3c00d3d33332, 37dabca3-7d89-4175-9cf8-4364889f42c2, 276fe0c6-8f56-4219-879a-1fb176c55156, b0e7a721-5d24-47b4-95d8-29b17a9e19f0, 9dbfa19b-e155-410b-a22c-7f33777554ad, 651ccfb5-9d22-4472-8a7c-87ea424637a0, d27e8173-5837-4b9f-bbf0-8e86a343a373, d4265850-6f8a-4a8f-9351-9b87967b8b36, 1d04865a-5917-4d33-a3fc-69293f155373, 4c5ae50a-36a8-4f8e-af49-215b4f20cf7b, 0c8d5943-4ec3-4b8b-98fe-c451b5046dd7, fb0945b3-2bf0-457d-93c8-d9111404d7e9, c4b4c659-31b3-4cc4-a660-6bece954ebf1, 00fa1e5b-1535-4cb6-b542-0dad27dd6341, cf35f1af-73f7-47bb-81a0-5aa7a92c06b5, cc3afdb4-4c6e-4ac0-bed2-ff87ec375182, cf8cc836-78a9-49af-8fbe-5113d424ba97, 9dffc2b8-4f59-40a2-834f-56bfd42cb200, 596064ed-b93c-44e8-b25c-ae65414d3e88, 3bf6cafe-07e2-4781-9e4e-51ed777130bc, 0798e233-d7ca-4620-8f80-69358ff5c6e4, fb0ef528-3e9d-4ca6-a49f-7ba438a389d0, 6e1c39f2-ee63-414f-acb3-c2c44c6ef1e0, e070a519-f5b9-4b5d-80d5-29c9db5d5384, a857cde6-5cb1-4594-9ba2-603a6e5f4143, 32d7de30-5f9b-4405-936e-477db3d1feff, cc2cfe76-1a25-45ee-901a-24163a6f12ac, eab6d995-2276-4937-be40-d4127ec40a06, 1504d576-82e5-449d-9597-1350fbdbfa50, 49a2bdd4-9eba-4fdb-9f6e-3c222652952a, 966a731f-de21-4734-8c2e-19c89c8894f5, ab1fe5d5-4101-4474-999b-731fd643f133, 08f8fdfa-fb5b-47d1-b30e-fd457a0c9d96, d5a972ee-de70-4cf0-bf77-639c54c88257, 80d7cfff-f52d-49bf-9218-f48935e30972, 06ff29df-f235-4e83-87e4-eb1e93aa1ef6, 3137a34b-1feb-401b-bc78-3c1a1992cf94, 0cc30e1b-865b-4901-9d0b-3fea40a8ebc8, df5a20db-c84a-45ca-841a-ded468cda667, dc31049f-ac88-44eb-aac0-d895f95b862b, de3c9193-21ea-420c-a320-b599da95a4b2, c17f6af3-4a15-408c-8db4-42165ac3b6b4, b6bd201f-910f-4e0d-aca4-8ecba44b3c76, bb987d3f-fb13-47cf-9b1d-93e0117d581c, e337098d-f278-4b10-94f2-e890bf91fc32, f43c9625-d9c1-4cad-9188-28815046ecd3, b2ec54c2-4630-484c-9976-394be8aaeeb3, b528cb34-490d-49a8-bd49-162b3c518c98","22, 29, 35, 56"
UIMM-Bourgogne-Franche-Comté,29b7242c-75d7-4041-9352-67e9a8535a1b,Valérie MACHERET,vmacheret@maisondesentreprises.com,"3167a87a-8e09-48c8-aa7c-869d0f9a83ce, de19ed2d-4dcd-4c7d-a350-a29e599d79cd, 948ae2aa-55ec-4548-a5b8-57b13e81742f, f25ede67-4db9-4c99-a749-36d78472d15f, 74c29134-e561-451d-beab-daabcd92097a, ee4a09ea-9dfe-4ed4-9d2f-4d893d3a817d, a6af659b-a3eb-408d-8b67-ec0226662ccb, 611a5cab-dc2a-4a7e-9f8c-fdec06a6f747, 68e62887-3c44-4138-bfac-e5461690ad4e, e6152772-ac8e-42ae-9379-5975ad1c2ab3, 3683e487-9f88-40f9-8617-b9b32a27d892, d3cf36ac-1f22-4e97-b735-357388a0973b, 79e5b34c-415f-4ef4-a3ad-a5c78ee39f30, 7eea9c96-ea66-4f9e-b83c-94e717d12ff5, dedc41ed-e988-4cfa-9e62-a66a30224512, 62e2b5f2-ae45-490b-ba07-243f430c3855, 388974cb-58cd-4eae-83ff-c051e5b36e32, 4f5fe03e-c81c-413c-98b5-caa2f62ecb1b, 0d8cb208-d9d4-412c-9191-3e9e1ac02065, 0c5d85b2-fc67-476f-8e2a-e5de636dc5d4, 90e4c743-2661-48a2-ae06-dfc5efc8f3fd, b801ac17-75d8-4854-8402-3c00d3d33332, 37dabca3-7d89-4175-9cf8-4364889f42c2, 276fe0c6-8f56-4219-879a-1fb176c55156, b0e7a721-5d24-47b4-95d8-29b17a9e19f0, 9dbfa19b-e155-410b-a22c-7f33777554ad, 651ccfb5-9d22-4472-8a7c-87ea424637a0, d27e8173-5837-4b9f-bbf0-8e86a343a373, d4265850-6f8a-4a8f-9351-9b87967b8b36, 1d04865a-5917-4d33-a3fc-69293f155373, 4c5ae50a-36a8-4f8e-af49-215b4f20cf7b, 0c8d5943-4ec3-4b8b-98fe-c451b5046dd7, fb0945b3-2bf0-457d-93c8-d9111404d7e9, c4b4c659-31b3-4cc4-a660-6bece954ebf1, 00fa1e5b-1535-4cb6-b542-0dad27dd6341, cf35f1af-73f7-47bb-81a0-5aa7a92c06b5, cc3afdb4-4c6e-4ac0-bed2-ff87ec375182, cf8cc836-78a9-49af-8fbe-5113d424ba97, 9dffc2b8-4f59-40a2-834f-56bfd42cb200, 596064ed-b93c-44e8-b25c-ae65414d3e88, 3bf6cafe-07e2-4781-9e4e-51ed777130bc, 0798e233-d7ca-4620-8f80-69358ff5c6e4, fb0ef528-3e9d-4ca6-a49f-7ba438a389d0, 6e1c39f2-ee63-414f-acb3-c2c44c6ef1e0, e070a519-f5b9-4b5d-80d5-29c9db5d5384, a857cde6-5cb1-4594-9ba2-603a6e5f4143, 32d7de30-5f9b-4405-936e-477db3d1feff, cc2cfe76-1a25-45ee-901a-24163a6f12ac, eab6d995-2276-4937-be40-d4127ec40a06, 1504d576-82e5-449d-9597-1350fbdbfa50, 49a2bdd4-9eba-4fdb-9f6e-3c222652952a, 966a731f-de21-4734-8c2e-19c89c8894f5, ab1fe5d5-4101-4474-999b-731fd643f133, 08f8fdfa-fb5b-47d1-b30e-fd457a0c9d96, d5a972ee-de70-4cf0-bf77-639c54c88257, 80d7cfff-f52d-49bf-9218-f48935e30972, 06ff29df-f235-4e83-87e4-eb1e93aa1ef6, 3137a34b-1feb-401b-bc78-3c1a1992cf94, 0cc30e1b-865b-4901-9d0b-3fea40a8ebc8, df5a20db-c84a-45ca-841a-ded468cda667, dc31049f-ac88-44eb-aac0-d895f95b862b, de3c9193-21ea-420c-a320-b599da95a4b2, c17f6af3-4a15-408c-8db4-42165ac3b6b4, b6bd201f-910f-4e0d-aca4-8ecba44b3c76, bb987d3f-fb13-47cf-9b1d-93e0117d581c, e337098d-f278-4b10-94f2-e890bf91fc32, f43c9625-d9c1-4cad-9188-28815046ecd3, b2ec54c2-4630-484c-9976-394be8aaeeb3, b528cb34-490d-49a8-bd49-162b3c518c98","21, 25, 39, 58, 70, 71, 89, 90"
UIMM-Pays de la Loire,1c53ab2e-8364-4ae6-9651-2de263cf1f5e,Melinda SELLIN,m.sellin@ui44.fr,"3167a87a-8e09-48c8-aa7c-869d0f9a83ce, de19ed2d-4dcd-4c7d-a350-a29e599d79cd, 948ae2aa-55ec-4548-a5b8-57b13e81742f, f25ede67-4db9-4c99-a749-36d78472d15f, 74c29134-e561-451d-beab-daabcd92097a, ee4a09ea-9dfe-4ed4-9d2f-4d893d3a817d, a6af659b-a3eb-408d-8b67-ec0226662ccb, 611a5cab-dc2a-4a7e-9f8c-fdec06a6f747, 68e62887-3c44-4138-bfac-e5461690ad4e, e6152772-ac8e-42ae-9379-5975ad1c2ab3, 3683e487-9f88-40f9-8617-b9b32a27d892, d3cf36ac-1f22-4e97-b735-357388a0973b, 79e5b34c-415f-4ef4-a3ad-a5c78ee39f30, 7eea9c96-ea66-4f9e-b83c-94e717d12ff5, dedc41ed-e988-4cfa-9e62-a66a30224512, 62e2b5f2-ae45-490b-ba07-243f430c3855, 388974cb-58cd-4eae-83ff-c051e5b36e32, 4f5fe03e-c81c-413c-98b5-caa2f62ecb1b, 0d8cb208-d9d4-412c-9191-3e9e1ac02065, 0c5d85b2-fc67-476f-8e2a-e5de636dc5d4, 90e4c743-2661-48a2-ae06-dfc5efc8f3fd, b801ac17-75d8-4854-8402-3c00d3d33332, 37dabca3-7d89-4175-9cf8-4364889f42c2, 276fe0c6-8f56-4219-879a-1fb176c55156, b0e7a721-5d24-47b4-95d8-29b17a9e19f0, 9dbfa19b-e155-410b-a22c-7f33777554ad, 651ccfb5-9d22-4472-8a7c-87ea424637a0, d27e8173-5837-4b9f-bbf0-8e86a343a373, d4265850-6f8a-4a8f-9351-9b87967b8b36, 1d04865a-5917-4d33-a3fc-69293f155373, 4c5ae50a-36a8-4f8e-af49-215b4f20cf7b, 0c8d5943-4ec3-4b8b-98fe-c451b5046dd7, fb0945b3-2bf0-457d-93c8-d9111404d7e9, c4b4c659-31b3-4cc4-a660-6bece954ebf1, 00fa1e5b-1535-4cb6-b542-0dad27dd6341, cf35f1af-73f7-47bb-81a0-5aa7a92c06b5, cc3afdb4-4c6e-4ac0-bed2-ff87ec375182, cf8cc836-78a9-49af-8fbe-5113d424ba97, 9dffc2b8-4f59-40a2-834f-56bfd42cb200, 596064ed-b93c-44e8-b25c-ae65414d3e88, 3bf6cafe-07e2-4781-9e4e-51ed777130bc, 0798e233-d7ca-4620-8f80-69358ff5c6e4, fb0ef528-3e9d-4ca6-a49f-7ba438a389d0, 6e1c39f2-ee63-414f-acb3-c2c44c6ef1e0, e070a519-f5b9-4b5d-80d5-29c9db5d5384, a857cde6-5cb1-4594-9ba2-603a6e5f4143, 32d7de30-5f9b-4405-936e-477db3d1feff, cc2cfe76-1a25-45ee-901a-24163a6f12ac, eab6d995-2276-4937-be40-d4127ec40a06, 1504d576-82e5-449d-9597-1350fbdbfa50, 49a2bdd4-9eba-4fdb-9f6e-3c222652952a, 966a731f-de21-4734-8c2e-19c89c8894f5, ab1fe5d5-4101-4474-999b-731fd643f133, 08f8fdfa-fb5b-47d1-b30e-fd457a0c9d96, d5a972ee-de70-4cf0-bf77-639c54c88257, 80d7cfff-f52d-49bf-9218-f48935e30972, 06ff29df-f235-4e83-87e4-eb1e93aa1ef6, 3137a34b-1feb-401b-bc78-3c1a1992cf94, 0cc30e1b-865b-4901-9d0b-3fea40a8ebc8, df5a20db-c84a-45ca-841a-ded468cda667, dc31049f-ac88-44eb-aac0-d895f95b862b, de3c9193-21ea-420c-a320-b599da95a4b2, c17f6af3-4a15-408c-8db4-42165ac3b6b4, b6bd201f-910f-4e0d-aca4-8ecba44b3c76, bb987d3f-fb13-47cf-9b1d-93e0117d581c, e337098d-f278-4b10-94f2-e890bf91fc32, f43c9625-d9c1-4cad-9188-28815046ecd3, b2ec54c2-4630-484c-9976-394be8aaeeb3, b528cb34-490d-49a8-bd49-162b3c518c98","44, 49, 53, 72, 85"
UIMM-Grand Est,cbcee1ab-9e11-43db-8007-327fc9fd564f,Frédérique DIRIAN,frederique.dirian@uimm-alsace.fr,"3167a87a-8e09-48c8-aa7c-869d0f9a83ce, de19ed2d-4dcd-4c7d-a350-a29e599d79cd, 948ae2aa-55ec-4548-a5b8-57b13e81742f, f25ede67-4db9-4c99-a749-36d78472d15f, 74c29134-e561-451d-beab-daabcd92097a, ee4a09ea-9dfe-4ed4-9d2f-4d893d3a817d, a6af659b-a3eb-408d-8b67-ec0226662ccb, 611a5cab-dc2a-4a7e-9f8c-fdec06a6f747, 68e62887-3c44-4138-bfac-e5461690ad4e, e6152772-ac8e-42ae-9379-5975ad1c2ab3, 3683e487-9f88-40f9-8617-b9b32a27d892, d3cf36ac-1f22-4e97-b735-357388a0973b, 79e5b34c-415f-4ef4-a3ad-a5c78ee39f30, 7eea9c96-ea66-4f9e-b83c-94e717d12ff5, dedc41ed-e988-4cfa-9e62-a66a30224512, 62e2b5f2-ae45-490b-ba07-243f430c3855, 388974cb-58cd-4eae-83ff-c051e5b36e32, 4f5fe03e-c81c-413c-98b5-caa2f62ecb1b, 0d8cb208-d9d4-412c-9191-3e9e1ac02065, 0c5d85b2-fc67-476f-8e2a-e5de636dc5d4, 90e4c743-2661-48a2-ae06-dfc5efc8f3fd, b801ac17-75d8-4854-8402-3c00d3d33332, 37dabca3-7d89-4175-9cf8-4364889f42c2, 276fe0c6-8f56-4219-879a-1fb176c55156, b0e7a721-5d24-47b4-95d8-29b17a9e19f0, 9dbfa19b-e155-410b-a22c-7f33777554ad, 651ccfb5-9d22-4472-8a7c-87ea424637a0, d27e8173-5837-4b9f-bbf0-8e86a343a373, d4265850-6f8a-4a8f-9351-9b87967b8b36, 1d04865a-5917-4d33-a3fc-69293f155373, 4c5ae50a-36a8-4f8e-af49-215b4f20cf7b, 0c8d5943-4ec3-4b8b-98fe-c451b5046dd7, fb0945b3-2bf0-457d-93c8-d9111404d7e9, c4b4c659-31b3-4cc4-a660-6bece954ebf1, 00fa1e5b-1535-4cb6-b542-0dad27dd6341, cf35f1af-73f7-47bb-81a0-5aa7a92c06b5, cc3afdb4-4c6e-4ac0-bed2-ff87ec375182, cf8cc836-78a9-49af-8fbe-5113d424ba97, 9dffc2b8-4f59-40a2-834f-56bfd42cb200, 596064ed-b93c-44e8-b25c-ae65414d3e88, 3bf6cafe-07e2-4781-9e4e-51ed777130bc, 0798e233-d7ca-4620-8f80-69358ff5c6e4, fb0ef528-3e9d-4ca6-a49f-7ba438a389d0, 6e1c39f2-ee63-414f-acb3-c2c44c6ef1e0, e070a519-f5b9-4b5d-80d5-29c9db5d5384, a857cde6-5cb1-4594-9ba2-603a6e5f4143, 32d7de30-5f9b-4405-936e-477db3d1feff, cc2cfe76-1a25-45ee-901a-24163a6f12ac, eab6d995-2276-4937-be40-d4127ec40a06, 1504d576-82e5-449d-9597-1350fbdbfa50, 49a2bdd4-9eba-4fdb-9f6e-3c222652952a, 966a731f-de21-4734-8c2e-19c89c8894f5, ab1fe5d5-4101-4474-999b-731fd643f133, 08f8fdfa-fb5b-47d1-b30e-fd457a0c9d96, d5a972ee-de70-4cf0-bf77-639c54c88257, 80d7cfff-f52d-49bf-9218-f48935e30972, 06ff29df-f235-4e83-87e4-eb1e93aa1ef6, 3137a34b-1feb-401b-bc78-3c1a1992cf94, 0cc30e1b-865b-4901-9d0b-3fea40a8ebc8, df5a20db-c84a-45ca-841a-ded468cda667, dc31049f-ac88-44eb-aac0-d895f95b862b, de3c9193-21ea-420c-a320-b599da95a4b2, c17f6af3-4a15-408c-8db4-42165ac3b6b4, b6bd201f-910f-4e0d-aca4-8ecba44b3c76, bb987d3f-fb13-47cf-9b1d-93e0117d581c, e337098d-f278-4b10-94f2-e890bf91fc32, f43c9625-d9c1-4cad-9188-28815046ecd3, b2ec54c2-4630-484c-9976-394be8aaeeb3, b528cb34-490d-49a8-bd49-162b3c518c98","08, 10, 67, 68, 52, 51, 54, 55, 57, 88"
UIMM-Normandie,bbf67e4d-224a-4200-9486-83bd77bf2b0d,Thierry GUY,tguy@uimm-manche.fr,"3167a87a-8e09-48c8-aa7c-869d0f9a83ce, de19ed2d-4dcd-4c7d-a350-a29e599d79cd, 948ae2aa-55ec-4548-a5b8-57b13e81742f, f25ede67-4db9-4c99-a749-36d78472d15f, 74c29134-e561-451d-beab-daabcd92097a, ee4a09ea-9dfe-4ed4-9d2f-4d893d3a817d, a6af659b-a3eb-408d-8b67-ec0226662ccb, 611a5cab-dc2a-4a7e-9f8c-fdec06a6f747, 68e62887-3c44-4138-bfac-e5461690ad4e, e6152772-ac8e-42ae-9379-5975ad1c2ab3, 3683e487-9f88-40f9-8617-b9b32a27d892, d3cf36ac-1f22-4e97-b735-357388a0973b, 79e5b34c-415f-4ef4-a3ad-a5c78ee39f30, 7eea9c96-ea66-4f9e-b83c-94e717d12ff5, dedc41ed-e988-4cfa-9e62-a66a30224512, 62e2b5f2-ae45-490b-ba07-243f430c3855, 388974cb-58cd-4eae-83ff-c051e5b36e32, 4f5fe03e-c81c-413c-98b5-caa2f62ecb1b, 0d8cb208-d9d4-412c-9191-3e9e1ac02065, 0c5d85b2-fc67-476f-8e2a-e5de636dc5d4, 90e4c743-2661-48a2-ae06-dfc5efc8f3fd, b801ac17-75d8-4854-8402-3c00d3d33332, 37dabca3-7d89-4175-9cf8-4364889f42c2, 276fe0c6-8f56-4219-879a-1fb176c55156, b0e7a721-5d24-47b4-95d8-29b17a9e19f0, 9dbfa19b-e155-410b-a22c-7f33777554ad, 651ccfb5-9d22-4472-8a7c-87ea424637a0, d27e8173-5837-4b9f-bbf0-8e86a343a373, d4265850-6f8a-4a8f-9351-9b87967b8b36, 1d04865a-5917-4d33-a3fc-69293f155373, 4c5ae50a-36a8-4f8e-af49-215b4f20cf7b, 0c8d5943-4ec3-4b8b-98fe-c451b5046dd7, fb0945b3-2bf0-457d-93c8-d9111404d7e9, c4b4c659-31b3-4cc4-a660-6bece954ebf1, 00fa1e5b-1535-4cb6-b542-0dad27dd6341, cf35f1af-73f7-47bb-81a0-5aa7a92c06b5, cc3afdb4-4c6e-4ac0-bed2-ff87ec375182, cf8cc836-78a9-49af-8fbe-5113d424ba97, 9dffc2b8-4f59-40a2-834f-56bfd42cb200, 596064ed-b93c-44e8-b25c-ae65414d3e88, 3bf6cafe-07e2-4781-9e4e-51ed777130bc, 0798e233-d7ca-4620-8f80-69358ff5c6e4, fb0ef528-3e9d-4ca6-a49f-7ba438a389d0, 6e1c39f2-ee63-414f-acb3-c2c44c6ef1e0, e070a519-f5b9-4b5d-80d5-29c9db5d5384, a857cde6-5cb1-4594-9ba2-603a6e5f4143, 32d7de30-5f9b-4405-936e-477db3d1feff, cc2cfe76-1a25-45ee-901a-24163a6f12ac, eab6d995-2276-4937-be40-d4127ec40a06, 1504d576-82e5-449d-9597-1350fbdbfa50, 49a2bdd4-9eba-4fdb-9f6e-3c222652952a, 966a731f-de21-4734-8c2e-19c89c8894f5, ab1fe5d5-4101-4474-999b-731fd643f133, 08f8fdfa-fb5b-47d1-b30e-fd457a0c9d96, d5a972ee-de70-4cf0-bf77-639c54c88257, 80d7cfff-f52d-49bf-9218-f48935e30972, 06ff29df-f235-4e83-87e4-eb1e93aa1ef6, 3137a34b-1feb-401b-bc78-3c1a1992cf94, 0cc30e1b-865b-4901-9d0b-3fea40a8ebc8, df5a20db-c84a-45ca-841a-ded468cda667, dc31049f-ac88-44eb-aac0-d895f95b862b, de3c9193-21ea-420c-a320-b599da95a4b2, c17f6af3-4a15-408c-8db4-42165ac3b6b4, b6bd201f-910f-4e0d-aca4-8ecba44b3c76, bb987d3f-fb13-47cf-9b1d-93e0117d581c, e337098d-f278-4b10-94f2-e890bf91fc32, f43c9625-d9c1-4cad-9188-28815046ecd3, b2ec54c2-4630-484c-9976-394be8aaeeb3, b528cb34-490d-49a8-bd49-162b3c518c98","14, 27, 50, 61, 76"
Ministère des Sports et des Jeux Olympiques et paralympiques-Bourgogne-Franche-Comté,afcb17e5-14d1-45dd-865c-f03e94d8f517,,ce.drajes.fce@region-academique-bourgogne-franche-comte.fr,"6017130c-6528-44ce-b4a2-4beb2a8a1b28, a3b5b9a2-00bd-403d-a158-c468959a02a3, 6f11a3aa-a4d7-4d88-978a-4e7a6eb88527, 0b8bed9e-f889-4d16-900c-4def101695ea, 29abeae2-90a0-4cef-a3a3-39e1d10191f9, 8243f5ca-2eca-484e-8b5e-d02529f24a39","21, 25, 39, 58, 70, 71, 89, 90"
Ministère des Sports et des Jeux Olympiques et paralympiques-Bretagne,97c8652c-91e4-4bf8-baf2-a888605ef5e3,,ce.drajes.formation@ac-rennes.fr,"6017130c-6528-44ce-b4a2-4beb2a8a1b28, a3b5b9a2-00bd-403d-a158-c468959a02a3, 6f11a3aa-a4d7-4d88-978a-4e7a6eb88527, 0b8bed9e-f889-4d16-900c-4def101695ea, 29abeae2-90a0-4cef-a3a3-39e1d10191f9, 8243f5ca-2eca-484e-8b5e-d02529f24a39","22, 29, 35, 56"
Ministère des Sports et des Jeux Olympiques et paralympiques-Centre-Val de Loire,aee59675-656e-4555-bb9c-84667c60c1f3,,js-cfe-js@ac-orleans-tours.fr,"6017130c-6528-44ce-b4a2-4beb2a8a1b28, a3b5b9a2-00bd-403d-a158-c468959a02a3, 6f11a3aa-a4d7-4d88-978a-4e7a6eb88527, 0b8bed9e-f889-4d16-900c-4def101695ea, 29abeae2-90a0-4cef-a3a3-39e1d10191f9, 8243f5ca-2eca-484e-8b5e-d02529f24a39","18, 28, 36, 37, 41, 45"
Ministère des Sports et des Jeux Olympiques et paralympiques-Corse,7cde643a-1871-4c76-a0b5-8565f2441152,,En attente,"6017130c-6528-44ce-b4a2-4beb2a8a1b28, a3b5b9a2-00bd-403d-a158-c468959a02a3, 6f11a3aa-a4d7-4d88-978a-4e7a6eb88527, 0b8bed9e-f889-4d16-900c-4def101695ea, 29abeae2-90a0-4cef-a3a3-39e1d10191f9, 8243f5ca-2eca-484e-8b5e-d02529f24a39","2A, 2B"
Ministère des Sports et des Jeux Olympiques et paralympiques-Grand Est,53eac969-c69d-4f6c-8bd6-9ec22d2dd369,,ce.drajes-fce@region-academique-grand-est.fr,"6017130c-6528-44ce-b4a2-4beb2a8a1b28, a3b5b9a2-00bd-403d-a158-c468959a02a3, 6f11a3aa-a4d7-4d88-978a-4e7a6eb88527, 0b8bed9e-f889-4d16-900c-4def101695ea, 29abeae2-90a0-4cef-a3a3-39e1d10191f9, 8243f5ca-2eca-484e-8b5e-d02529f24a39","08, 10, 67, 68, 52, 51, 54, 55, 57, 88"
Ministère des Sports et des Jeux Olympiques et paralympiques-Hauts-de-France,e165784f-77d5-48b0-8fff-faefaf7811ef,,drajes-pmas@region-academique-hauts-de-france.fr,"6017130c-6528-44ce-b4a2-4beb2a8a1b28, a3b5b9a2-00bd-403d-a158-c468959a02a3, 6f11a3aa-a4d7-4d88-978a-4e7a6eb88527, 0b8bed9e-f889-4d16-900c-4def101695ea, 29abeae2-90a0-4cef-a3a3-39e1d10191f9, 8243f5ca-2eca-484e-8b5e-d02529f24a39","02, 59, 60, 62, 80"
Ministère des Sports et des Jeux Olympiques et paralympiques-Île-de-France,c47531f1-f694-4953-b2cf-3e8af5ea52a3,,drajes-idf-fc@region-academique-idf.fr,"6017130c-6528-44ce-b4a2-4beb2a8a1b28, a3b5b9a2-00bd-403d-a158-c468959a02a3, 6f11a3aa-a4d7-4d88-978a-4e7a6eb88527, 0b8bed9e-f889-4d16-900c-4def101695ea, 29abeae2-90a0-4cef-a3a3-39e1d10191f9, 8243f5ca-2eca-484e-8b5e-d02529f24a39","75, 77, 78, 91, 92, 93, 94, 95"
Ministère des Sports et des Jeux Olympiques et paralympiques-Normandie,5e665954-7196-4174-822e-f0a326c4fac0,,drajes-pole3@ac-normandie.fr,"6017130c-6528-44ce-b4a2-4beb2a8a1b28, a3b5b9a2-00bd-403d-a158-c468959a02a3, 6f11a3aa-a4d7-4d88-978a-4e7a6eb88527, 0b8bed9e-f889-4d16-900c-4def101695ea, 29abeae2-90a0-4cef-a3a3-39e1d10191f9, 8243f5ca-2eca-484e-8b5e-d02529f24a39","14, 27, 50, 61, 76"
Ministère des Sports et des Jeux Olympiques et paralympiques-Nouvelle-Aquitaine,78d6f3cb-a999-451d-9bc1-54f3445a46cc,,drajes-na-vae@region-academique-nouvelle-aquitaine.fr,"6017130c-6528-44ce-b4a2-4beb2a8a1b28, a3b5b9a2-00bd-403d-a158-c468959a02a3, 6f11a3aa-a4d7-4d88-978a-4e7a6eb88527, 0b8bed9e-f889-4d16-900c-4def101695ea, 29abeae2-90a0-4cef-a3a3-39e1d10191f9, 8243f5ca-2eca-484e-8b5e-d02529f24a39","16, 17, 19, 23, 79, 24, 33, 40, 47, 64, 86, 87"
Ministère des Sports et des Jeux Olympiques et paralympiques-Occitanie,b4a31b8e-a301-4789-867f-9d6c17541322,,ce.drajes.VAE@region-academique-occitanie.fr,"6017130c-6528-44ce-b4a2-4beb2a8a1b28, a3b5b9a2-00bd-403d-a158-c468959a02a3, 6f11a3aa-a4d7-4d88-978a-4e7a6eb88527, 0b8bed9e-f889-4d16-900c-4def101695ea, 29abeae2-90a0-4cef-a3a3-39e1d10191f9, 8243f5ca-2eca-484e-8b5e-d02529f24a39","09, 11, 12, 30, 32, 31, 65, 34, 46, 48, 66, 81, 82"
Ministère des Sports et des Jeux Olympiques et paralympiques-Pays de la Loire,b5fb218b-4c1f-41cf-a379-70604a797359,,ce.cfp-drajes@ac-nantes.fr,"6017130c-6528-44ce-b4a2-4beb2a8a1b28, a3b5b9a2-00bd-403d-a158-c468959a02a3, 6f11a3aa-a4d7-4d88-978a-4e7a6eb88527, 0b8bed9e-f889-4d16-900c-4def101695ea, 29abeae2-90a0-4cef-a3a3-39e1d10191f9, 8243f5ca-2eca-484e-8b5e-d02529f24a39","44, 49, 53, 72, 85"
Ministère des Sports et des Jeux Olympiques et paralympiques-Provence-Alpes-Côte d'Azur,e8bd5c8b-5844-49ba-899e-e193870b5956,,drajes-paca-vae@region-academique-paca.fr,"6017130c-6528-44ce-b4a2-4beb2a8a1b28, a3b5b9a2-00bd-403d-a158-c468959a02a3, 6f11a3aa-a4d7-4d88-978a-4e7a6eb88527, 0b8bed9e-f889-4d16-900c-4def101695ea, 29abeae2-90a0-4cef-a3a3-39e1d10191f9, 8243f5ca-2eca-484e-8b5e-d02529f24a39","04, 05, 06, 13, 83, 84"
Ministère des Sports et des Jeux Olympiques et paralympiques-Guadeloupe,fa0f6fa1-4307-4829-baa2-60f1beca7f0d,,,"6017130c-6528-44ce-b4a2-4beb2a8a1b28, a3b5b9a2-00bd-403d-a158-c468959a02a3, 6f11a3aa-a4d7-4d88-978a-4e7a6eb88527, 0b8bed9e-f889-4d16-900c-4def101695ea, 29abeae2-90a0-4cef-a3a3-39e1d10191f9, 8243f5ca-2eca-484e-8b5e-d02529f24a39",971
Ministère des Sports et des Jeux Olympiques et paralympiques-Martinique,0e959194-dcc6-47dc-b8e4-39981f99c7bb,,drajes@region-academique-martinique.fr,"6017130c-6528-44ce-b4a2-4beb2a8a1b28, a3b5b9a2-00bd-403d-a158-c468959a02a3, 6f11a3aa-a4d7-4d88-978a-4e7a6eb88527, 0b8bed9e-f889-4d16-900c-4def101695ea, 29abeae2-90a0-4cef-a3a3-39e1d10191f9, 8243f5ca-2eca-484e-8b5e-d02529f24a39",972
Ministère des Sports et des Jeux Olympiques et paralympiques-Guyane,1f1de491-61e2-468e-988c-391b009f9768,,,"6017130c-6528-44ce-b4a2-4beb2a8a1b28, a3b5b9a2-00bd-403d-a158-c468959a02a3, 6f11a3aa-a4d7-4d88-978a-4e7a6eb88527, 0b8bed9e-f889-4d16-900c-4def101695ea, 29abeae2-90a0-4cef-a3a3-39e1d10191f9, 8243f5ca-2eca-484e-8b5e-d02529f24a39",973
Ministère des Sports et des Jeux Olympiques et paralympiques-La Réunion,0c3b5608-0638-48fb-acae-d2e07726d740,,drajes.form@ac-reunion.fr,"6017130c-6528-44ce-b4a2-4beb2a8a1b28, a3b5b9a2-00bd-403d-a158-c468959a02a3, 6f11a3aa-a4d7-4d88-978a-4e7a6eb88527, 0b8bed9e-f889-4d16-900c-4def101695ea, 29abeae2-90a0-4cef-a3a3-39e1d10191f9, 8243f5ca-2eca-484e-8b5e-d02529f24a39",974
Ministère de la Santé et de la Prévention-NATIONAL,8dba4e11-985c-4517-a332-eee4ce511cb1,,recevabilite.francevae@asp-public.fr,"b8499961-4e6a-4ca2-a3f0-061e087d926b, 9b3997dd-b7f1-4294-9452-7b133b8d40b5","971, 973, 972, 974, 976, 01, 02, 03, 04, 05, 06, 07, 08, 09, 10, 11, 12, 67, 13, 14, 15, 16, 17, 18, 19, 2A, 21, 22, 23, 79, 24, 25, 26, 27, 28, 29, 30, 32, 33, 2B, 31, 43, 52, 65, 70, 74, 34, 35, 36, 37, 38, 39, 40, 41, 42, 44, 45, 46, 47, 48, 49, 50, 51, 53, 54, 55, 56, 57, 58, 59, 60, 61, 75, 62, 63, 66, 69, 71, 72, 73, 77, 76, 93, 80, 81, 82, 90, 95, 94, 83, 84, 85, 86, 88, 89, 78"
Ministère des Solidarités de l’Autonomie et des Personnes handicapées-NATIONAL,287b27b6-158d-458c-83c6-bbaa77adb06a,,recevabilite.francevae@asp-public.fr,"9b57f1ed-6dec-4e05-8dd2-38f4746e00d7, 0236bf82-e85d-4e88-927a-c93bb6c44efb, 5da22914-3719-40cf-a7c4-d2988c20f2de, d4fc174f-1db7-4a0c-9a51-41bd7bed4add, 24f39fdf-fff6-4ef1-bbf5-3e5cd9969fae, 3ee32529-6ce6-4b27-9294-73b4295a4af8, bb2e7187-476e-478d-ab77-c38a0cd6ae83, 4c6a804c-a0c6-461b-a00a-6cc13e19a315, ca4601d3-0bc8-412b-a774-3ea8372d2d54","971, 973, 972, 974, 976, 01, 02, 03, 04, 05, 06, 07, 08, 09, 10, 11, 12, 67, 13, 14, 15, 16, 17, 18, 19, 2A, 21, 22, 23, 79, 24, 25, 26, 27, 28, 29, 30, 32, 33, 2B, 31, 43, 52, 65, 70, 74, 34, 35, 36, 37, 38, 39, 40, 41, 42, 44, 45, 46, 47, 48, 49, 50, 51, 53, 54, 55, 56, 57, 58, 59, 60, 61, 75, 62, 63, 66, 69, 71, 72, 73, 77, 76, 93, 80, 81, 82, 90, 95, 94, 83, 84, 85, 86, 88, 89, 78"
"Ministère du Travail,du Plein emploi et de l'Insertion-Auvergne-Rhône-Alpes",724f9ae8-a7c3-4231-ae80-48203816d919,Patricia DI STEFANO,patricia.di-stefano@dreets.gouv.fr,"39ecfbae-14bd-43bd-b01b-ec94a41ca0f9, 6df89508-fe8f-4ffd-91cd-a1892cec4676, 951c6243-6079-41b0-b561-07eddf15e223, 2ac372ad-2a21-4b1d-8f2d-10e447813325, a7cf4381-a36c-47e4-9968-74f98c79fbf0, 2ebd553f-e49e-4a87-9c83-84b5dad746a1, 24ebe906-869a-4a63-8db9-1e7e31b1047a, e72abf9e-e7e4-4c97-9337-ba45078a10c4, c8cabd20-ae92-4faa-ab9f-6d8a8e73f4b3, e335058a-7ba0-4eef-9225-b4d07e1f2268, ac4c0ea6-6bcc-4e10-acde-0ab86632c16c, 785abe49-d2ab-4717-af71-2c96f998b321, f7cd7a26-663b-4c1e-973f-2acc1977a93b, 6162e26d-3d38-461b-9fb4-651d18d91879, b41e5179-ca2c-4d6b-a1ad-de4be14231ab, 37c0d786-3a75-40a9-b5a8-bed5d8053888, 9e2073e9-41ed-44a0-8dd2-c215437e29ee, 93e70c5c-28d8-46c4-a76e-b616df76e4d6, 2bfa316b-5bd2-48f9-9062-afb066bb9e56, 84606408-f234-4a66-b2ab-56e18809808e, 610b6e86-9435-4781-abda-4cad3a746f32, 59c0c9b8-353a-425e-9950-f61f2b0e0ae3, 032036b5-528e-4d06-bbe0-a7d180602bc1, e4e18b1b-d87b-4aa3-9cd9-5105a35154f7, 2607d00a-e679-491e-9b5b-ce12da1fc5b0, 7016b741-b611-4603-9a12-693638f13b0d, 9277b972-59cf-409e-82a4-d630885e8a29, 132c5fa7-dd11-430e-a1fb-99d8373689f2, f08b7896-763f-4da1-9a37-5ae5a184a530, d37cf5c1-da1a-420f-b624-2b9cf4b54712, c64f7ebb-7c15-43d6-93fc-b337eb0b1ffd, eebee2d3-2696-47f9-840e-859ff5fc324b","01, 03, 07, 15, 26, 38, 42, 43, 63, 69, 73, 74"
"Ministère du Travail,du Plein emploi et de l'Insertion-Bourgogne-Franche-Comté",3faf24c4-a383-427f-a14c-943c8db02a21,Richard GEILLON,richard.geillon@dreets.gouv.fr,"39ecfbae-14bd-43bd-b01b-ec94a41ca0f9, 6df89508-fe8f-4ffd-91cd-a1892cec4676, 951c6243-6079-41b0-b561-07eddf15e223, 2ac372ad-2a21-4b1d-8f2d-10e447813325, a7cf4381-a36c-47e4-9968-74f98c79fbf0, 2ebd553f-e49e-4a87-9c83-84b5dad746a1, 24ebe906-869a-4a63-8db9-1e7e31b1047a, e72abf9e-e7e4-4c97-9337-ba45078a10c4, c8cabd20-ae92-4faa-ab9f-6d8a8e73f4b3, e335058a-7ba0-4eef-9225-b4d07e1f2268, ac4c0ea6-6bcc-4e10-acde-0ab86632c16c, 785abe49-d2ab-4717-af71-2c96f998b321, f7cd7a26-663b-4c1e-973f-2acc1977a93b, 6162e26d-3d38-461b-9fb4-651d18d91879, b41e5179-ca2c-4d6b-a1ad-de4be14231ab, 37c0d786-3a75-40a9-b5a8-bed5d8053888, 9e2073e9-41ed-44a0-8dd2-c215437e29ee, 93e70c5c-28d8-46c4-a76e-b616df76e4d6, 2bfa316b-5bd2-48f9-9062-afb066bb9e56, 84606408-f234-4a66-b2ab-56e18809808e, 610b6e86-9435-4781-abda-4cad3a746f32, 59c0c9b8-353a-425e-9950-f61f2b0e0ae3, 032036b5-528e-4d06-bbe0-a7d180602bc1, e4e18b1b-d87b-4aa3-9cd9-5105a35154f7, 2607d00a-e679-491e-9b5b-ce12da1fc5b0, 7016b741-b611-4603-9a12-693638f13b0d, 9277b972-59cf-409e-82a4-d630885e8a29, 132c5fa7-dd11-430e-a1fb-99d8373689f2, f08b7896-763f-4da1-9a37-5ae5a184a530, d37cf5c1-da1a-420f-b624-2b9cf4b54712, c64f7ebb-7c15-43d6-93fc-b337eb0b1ffd, eebee2d3-2696-47f9-840e-859ff5fc324b","21, 25, 39, 58, 70, 71, 89, 90"
"Ministère du Travail,du Plein emploi et de l'Insertion-Bretagne",68c0785c-f25d-41b9-b26b-65492216869a,Géraldine BLANCHET-CLISSION,geraldine.blanchet-clisson@dreets.gouv.fr,"39ecfbae-14bd-43bd-b01b-ec94a41ca0f9, 6df89508-fe8f-4ffd-91cd-a1892cec4676, 951c6243-6079-41b0-b561-07eddf15e223, 2ac372ad-2a21-4b1d-8f2d-10e447813325, a7cf4381-a36c-47e4-9968-74f98c79fbf0, 2ebd553f-e49e-4a87-9c83-84b5dad746a1, 24ebe906-869a-4a63-8db9-1e7e31b1047a, e72abf9e-e7e4-4c97-9337-ba45078a10c4, c8cabd20-ae92-4faa-ab9f-6d8a8e73f4b3, e335058a-7ba0-4eef-9225-b4d07e1f2268, ac4c0ea6-6bcc-4e10-acde-0ab86632c16c, 785abe49-d2ab-4717-af71-2c96f998b321, f7cd7a26-663b-4c1e-973f-2acc1977a93b, 6162e26d-3d38-461b-9fb4-651d18d91879, b41e5179-ca2c-4d6b-a1ad-de4be14231ab, 37c0d786-3a75-40a9-b5a8-bed5d8053888, 9e2073e9-41ed-44a0-8dd2-c215437e29ee, 93e70c5c-28d8-46c4-a76e-b616df76e4d6, 2bfa316b-5bd2-48f9-9062-afb066bb9e56, 84606408-f234-4a66-b2ab-56e18809808e, 610b6e86-9435-4781-abda-4cad3a746f32, 59c0c9b8-353a-425e-9950-f61f2b0e0ae3, 032036b5-528e-4d06-bbe0-a7d180602bc1, e4e18b1b-d87b-4aa3-9cd9-5105a35154f7, 2607d00a-e679-491e-9b5b-ce12da1fc5b0, 7016b741-b611-4603-9a12-693638f13b0d, 9277b972-59cf-409e-82a4-d630885e8a29, 132c5fa7-dd11-430e-a1fb-99d8373689f2, f08b7896-763f-4da1-9a37-5ae5a184a530, d37cf5c1-da1a-420f-b624-2b9cf4b54712, c64f7ebb-7c15-43d6-93fc-b337eb0b1ffd, eebee2d3-2696-47f9-840e-859ff5fc324b","22, 29, 35, 56"
"Ministère du Travail,du Plein emploi et de l'Insertion-Centre-Val de Loire",3f7454e9-323e-4c7e-bca0-f18b626497b4,Patrick MARCHAND,patrick.marchand@direccte.gouv.fr,"39ecfbae-14bd-43bd-b01b-ec94a41ca0f9, 6df89508-fe8f-4ffd-91cd-a1892cec4676, 951c6243-6079-41b0-b561-07eddf15e223, 2ac372ad-2a21-4b1d-8f2d-10e447813325, a7cf4381-a36c-47e4-9968-74f98c79fbf0, 2ebd553f-e49e-4a87-9c83-84b5dad746a1, 24ebe906-869a-4a63-8db9-1e7e31b1047a, e72abf9e-e7e4-4c97-9337-ba45078a10c4, c8cabd20-ae92-4faa-ab9f-6d8a8e73f4b3, e335058a-7ba0-4eef-9225-b4d07e1f2268, ac4c0ea6-6bcc-4e10-acde-0ab86632c16c, 785abe49-d2ab-4717-af71-2c96f998b321, f7cd7a26-663b-4c1e-973f-2acc1977a93b, 6162e26d-3d38-461b-9fb4-651d18d91879, b41e5179-ca2c-4d6b-a1ad-de4be14231ab, 37c0d786-3a75-40a9-b5a8-bed5d8053888, 9e2073e9-41ed-44a0-8dd2-c215437e29ee, 93e70c5c-28d8-46c4-a76e-b616df76e4d6, 2bfa316b-5bd2-48f9-9062-afb066bb9e56, 84606408-f234-4a66-b2ab-56e18809808e, 610b6e86-9435-4781-abda-4cad3a746f32, 59c0c9b8-353a-425e-9950-f61f2b0e0ae3, 032036b5-528e-4d06-bbe0-a7d180602bc1, e4e18b1b-d87b-4aa3-9cd9-5105a35154f7, 2607d00a-e679-491e-9b5b-ce12da1fc5b0, 7016b741-b611-4603-9a12-693638f13b0d, 9277b972-59cf-409e-82a4-d630885e8a29, 132c5fa7-dd11-430e-a1fb-99d8373689f2, f08b7896-763f-4da1-9a37-5ae5a184a530, d37cf5c1-da1a-420f-b624-2b9cf4b54712, c64f7ebb-7c15-43d6-93fc-b337eb0b1ffd, eebee2d3-2696-47f9-840e-859ff5fc324b","18, 28, 36, 37, 41, 45"
"Ministère du Travail,du Plein emploi et de l'Insertion-Corse",b2f1a8bd-d054-40e0-8da7-82f266bdbf8e,Iabelle DE MOURA,isabel.de-moura@dreets.gouv.fr,"39ecfbae-14bd-43bd-b01b-ec94a41ca0f9, 6df89508-fe8f-4ffd-91cd-a1892cec4676, 951c6243-6079-41b0-b561-07eddf15e223, 2ac372ad-2a21-4b1d-8f2d-10e447813325, a7cf4381-a36c-47e4-9968-74f98c79fbf0, 2ebd553f-e49e-4a87-9c83-84b5dad746a1, 24ebe906-869a-4a63-8db9-1e7e31b1047a, e72abf9e-e7e4-4c97-9337-ba45078a10c4, c8cabd20-ae92-4faa-ab9f-6d8a8e73f4b3, e335058a-7ba0-4eef-9225-b4d07e1f2268, ac4c0ea6-6bcc-4e10-acde-0ab86632c16c, 785abe49-d2ab-4717-af71-2c96f998b321, f7cd7a26-663b-4c1e-973f-2acc1977a93b, 6162e26d-3d38-461b-9fb4-651d18d91879, b41e5179-ca2c-4d6b-a1ad-de4be14231ab, 37c0d786-3a75-40a9-b5a8-bed5d8053888, 9e2073e9-41ed-44a0-8dd2-c215437e29ee, 93e70c5c-28d8-46c4-a76e-b616df76e4d6, 2bfa316b-5bd2-48f9-9062-afb066bb9e56, 84606408-f234-4a66-b2ab-56e18809808e, 610b6e86-9435-4781-abda-4cad3a746f32, 59c0c9b8-353a-425e-9950-f61f2b0e0ae3, 032036b5-528e-4d06-bbe0-a7d180602bc1, e4e18b1b-d87b-4aa3-9cd9-5105a35154f7, 2607d00a-e679-491e-9b5b-ce12da1fc5b0, 7016b741-b611-4603-9a12-693638f13b0d, 9277b972-59cf-409e-82a4-d630885e8a29, 132c5fa7-dd11-430e-a1fb-99d8373689f2, f08b7896-763f-4da1-9a37-5ae5a184a530, d37cf5c1-da1a-420f-b624-2b9cf4b54712, c64f7ebb-7c15-43d6-93fc-b337eb0b1ffd, eebee2d3-2696-47f9-840e-859ff5fc324b","2A, 2B"
"Ministère du Travail,du Plein emploi et de l'Insertion-Grand Est",53abb320-0d8d-43a8-9bcf-2c6df1dc108e,Claude BALAN,claude.balan@dreets.gouv.fr,"39ecfbae-14bd-43bd-b01b-ec94a41ca0f9, 6df89508-fe8f-4ffd-91cd-a1892cec4676, 951c6243-6079-41b0-b561-07eddf15e223, 2ac372ad-2a21-4b1d-8f2d-10e447813325, a7cf4381-a36c-47e4-9968-74f98c79fbf0, 2ebd553f-e49e-4a87-9c83-84b5dad746a1, 24ebe906-869a-4a63-8db9-1e7e31b1047a, e72abf9e-e7e4-4c97-9337-ba45078a10c4, c8cabd20-ae92-4faa-ab9f-6d8a8e73f4b3, e335058a-7ba0-4eef-9225-b4d07e1f2268, ac4c0ea6-6bcc-4e10-acde-0ab86632c16c, 785abe49-d2ab-4717-af71-2c96f998b321, f7cd7a26-663b-4c1e-973f-2acc1977a93b, 6162e26d-3d38-461b-9fb4-651d18d91879, b41e5179-ca2c-4d6b-a1ad-de4be14231ab, 37c0d786-3a75-40a9-b5a8-bed5d8053888, 9e2073e9-41ed-44a0-8dd2-c215437e29ee, 93e70c5c-28d8-46c4-a76e-b616df76e4d6, 2bfa316b-5bd2-48f9-9062-afb066bb9e56, 84606408-f234-4a66-b2ab-56e18809808e, 610b6e86-9435-4781-abda-4cad3a746f32, 59c0c9b8-353a-425e-9950-f61f2b0e0ae3, 032036b5-528e-4d06-bbe0-a7d180602bc1, e4e18b1b-d87b-4aa3-9cd9-5105a35154f7, 2607d00a-e679-491e-9b5b-ce12da1fc5b0, 7016b741-b611-4603-9a12-693638f13b0d, 9277b972-59cf-409e-82a4-d630885e8a29, 132c5fa7-dd11-430e-a1fb-99d8373689f2, f08b7896-763f-4da1-9a37-5ae5a184a530, d37cf5c1-da1a-420f-b624-2b9cf4b54712, c64f7ebb-7c15-43d6-93fc-b337eb0b1ffd, eebee2d3-2696-47f9-840e-859ff5fc324b","08, 10, 67, 68, 52, 51, 54, 55, 57, 88"
"Ministère du Travail,du Plein emploi et de l'Insertion-Hauts-de-France",b1566d2c-f2c4-4068-a8c1-b31cdd4a5524,Hervé LEROY,herve.leroy@dreets.gouv.fr,"39ecfbae-14bd-43bd-b01b-ec94a41ca0f9, 6df89508-fe8f-4ffd-91cd-a1892cec4676, 951c6243-6079-41b0-b561-07eddf15e223, 2ac372ad-2a21-4b1d-8f2d-10e447813325, a7cf4381-a36c-47e4-9968-74f98c79fbf0, 2ebd553f-e49e-4a87-9c83-84b5dad746a1, 24ebe906-869a-4a63-8db9-1e7e31b1047a, e72abf9e-e7e4-4c97-9337-ba45078a10c4, c8cabd20-ae92-4faa-ab9f-6d8a8e73f4b3, e335058a-7ba0-4eef-9225-b4d07e1f2268, ac4c0ea6-6bcc-4e10-acde-0ab86632c16c, 785abe49-d2ab-4717-af71-2c96f998b321, f7cd7a26-663b-4c1e-973f-2acc1977a93b, 6162e26d-3d38-461b-9fb4-651d18d91879, b41e5179-ca2c-4d6b-a1ad-de4be14231ab, 37c0d786-3a75-40a9-b5a8-bed5d8053888, 9e2073e9-41ed-44a0-8dd2-c215437e29ee, 93e70c5c-28d8-46c4-a76e-b616df76e4d6, 2bfa316b-5bd2-48f9-9062-afb066bb9e56, 84606408-f234-4a66-b2ab-56e18809808e, 610b6e86-9435-4781-abda-4cad3a746f32, 59c0c9b8-353a-425e-9950-f61f2b0e0ae3, 032036b5-528e-4d06-bbe0-a7d180602bc1, e4e18b1b-d87b-4aa3-9cd9-5105a35154f7, 2607d00a-e679-491e-9b5b-ce12da1fc5b0, 7016b741-b611-4603-9a12-693638f13b0d, 9277b972-59cf-409e-82a4-d630885e8a29, 132c5fa7-dd11-430e-a1fb-99d8373689f2, f08b7896-763f-4da1-9a37-5ae5a184a530, d37cf5c1-da1a-420f-b624-2b9cf4b54712, c64f7ebb-7c15-43d6-93fc-b337eb0b1ffd, eebee2d3-2696-47f9-840e-859ff5fc324b","02, 59, 60, 62, 80"
"Ministère du Travail,du Plein emploi et de l'Insertion-Île-de-France",db494fa5-210e-4c8d-88e9-8e582bfdc1ac,David ANGLARET,david.anglaret@drieets.gouv.fr,"39ecfbae-14bd-43bd-b01b-ec94a41ca0f9, 6df89508-fe8f-4ffd-91cd-a1892cec4676, 951c6243-6079-41b0-b561-07eddf15e223, 2ac372ad-2a21-4b1d-8f2d-10e447813325, a7cf4381-a36c-47e4-9968-74f98c79fbf0, 2ebd553f-e49e-4a87-9c83-84b5dad746a1, 24ebe906-869a-4a63-8db9-1e7e31b1047a, e72abf9e-e7e4-4c97-9337-ba45078a10c4, c8cabd20-ae92-4faa-ab9f-6d8a8e73f4b3, e335058a-7ba0-4eef-9225-b4d07e1f2268, ac4c0ea6-6bcc-4e10-acde-0ab86632c16c, 785abe49-d2ab-4717-af71-2c96f998b321, f7cd7a26-663b-4c1e-973f-2acc1977a93b, 6162e26d-3d38-461b-9fb4-651d18d91879, b41e5179-ca2c-4d6b-a1ad-de4be14231ab, 37c0d786-3a75-40a9-b5a8-bed5d8053888, 9e2073e9-41ed-44a0-8dd2-c215437e29ee, 93e70c5c-28d8-46c4-a76e-b616df76e4d6, 2bfa316b-5bd2-48f9-9062-afb066bb9e56, 84606408-f234-4a66-b2ab-56e18809808e, 610b6e86-9435-4781-abda-4cad3a746f32, 59c0c9b8-353a-425e-9950-f61f2b0e0ae3, 032036b5-528e-4d06-bbe0-a7d180602bc1, e4e18b1b-d87b-4aa3-9cd9-5105a35154f7, 2607d00a-e679-491e-9b5b-ce12da1fc5b0, 7016b741-b611-4603-9a12-693638f13b0d, 9277b972-59cf-409e-82a4-d630885e8a29, 132c5fa7-dd11-430e-a1fb-99d8373689f2, f08b7896-763f-4da1-9a37-5ae5a184a530, d37cf5c1-da1a-420f-b624-2b9cf4b54712, c64f7ebb-7c15-43d6-93fc-b337eb0b1ffd, eebee2d3-2696-47f9-840e-859ff5fc324b","75, 77, 78, 91, 92, 93, 94, 95"
"Ministère du Travail,du Plein emploi et de l'Insertion-Normandie",86331bd1-9917-466d-b08c-b980c7c56fd2,Anne GUILBAUD,anne.guilbaud@dreets.gouv.fr,"39ecfbae-14bd-43bd-b01b-ec94a41ca0f9, 6df89508-fe8f-4ffd-91cd-a1892cec4676, 951c6243-6079-41b0-b561-07eddf15e223, 2ac372ad-2a21-4b1d-8f2d-10e447813325, a7cf4381-a36c-47e4-9968-74f98c79fbf0, 2ebd553f-e49e-4a87-9c83-84b5dad746a1, 24ebe906-869a-4a63-8db9-1e7e31b1047a, e72abf9e-e7e4-4c97-9337-ba45078a10c4, c8cabd20-ae92-4faa-ab9f-6d8a8e73f4b3, e335058a-7ba0-4eef-9225-b4d07e1f2268, ac4c0ea6-6bcc-4e10-acde-0ab86632c16c, 785abe49-d2ab-4717-af71-2c96f998b321, f7cd7a26-663b-4c1e-973f-2acc1977a93b, 6162e26d-3d38-461b-9fb4-651d18d91879, b41e5179-ca2c-4d6b-a1ad-de4be14231ab, 37c0d786-3a75-40a9-b5a8-bed5d8053888, 9e2073e9-41ed-44a0-8dd2-c215437e29ee, 93e70c5c-28d8-46c4-a76e-b616df76e4d6, 2bfa316b-5bd2-48f9-9062-afb066bb9e56, 84606408-f234-4a66-b2ab-56e18809808e, 610b6e86-9435-4781-abda-4cad3a746f32, 59c0c9b8-353a-425e-9950-f61f2b0e0ae3, 032036b5-528e-4d06-bbe0-a7d180602bc1, e4e18b1b-d87b-4aa3-9cd9-5105a35154f7, 2607d00a-e679-491e-9b5b-ce12da1fc5b0, 7016b741-b611-4603-9a12-693638f13b0d, 9277b972-59cf-409e-82a4-d630885e8a29, 132c5fa7-dd11-430e-a1fb-99d8373689f2, f08b7896-763f-4da1-9a37-5ae5a184a530, d37cf5c1-da1a-420f-b624-2b9cf4b54712, c64f7ebb-7c15-43d6-93fc-b337eb0b1ffd, eebee2d3-2696-47f9-840e-859ff5fc324b","14, 27, 50, 61, 76"
"Ministère du Travail,du Plein emploi et de l'Insertion-Nouvelle-Aquitaine",5c675216-25bf-49ad-be02-706ea9735dd5,Eric LABADIE,eric.labadie@dreets.gouv.fr,"39ecfbae-14bd-43bd-b01b-ec94a41ca0f9, 6df89508-fe8f-4ffd-91cd-a1892cec4676, 951c6243-6079-41b0-b561-07eddf15e223, 2ac372ad-2a21-4b1d-8f2d-10e447813325, a7cf4381-a36c-47e4-9968-74f98c79fbf0, 2ebd553f-e49e-4a87-9c83-84b5dad746a1, 24ebe906-869a-4a63-8db9-1e7e31b1047a, e72abf9e-e7e4-4c97-9337-ba45078a10c4, c8cabd20-ae92-4faa-ab9f-6d8a8e73f4b3, e335058a-7ba0-4eef-9225-b4d07e1f2268, ac4c0ea6-6bcc-4e10-acde-0ab86632c16c, 785abe49-d2ab-4717-af71-2c96f998b321, f7cd7a26-663b-4c1e-973f-2acc1977a93b, 6162e26d-3d38-461b-9fb4-651d18d91879, b41e5179-ca2c-4d6b-a1ad-de4be14231ab, 37c0d786-3a75-40a9-b5a8-bed5d8053888, 9e2073e9-41ed-44a0-8dd2-c215437e29ee, 93e70c5c-28d8-46c4-a76e-b616df76e4d6, 2bfa316b-5bd2-48f9-9062-afb066bb9e56, 84606408-f234-4a66-b2ab-56e18809808e, 610b6e86-9435-4781-abda-4cad3a746f32, 59c0c9b8-353a-425e-9950-f61f2b0e0ae3, 032036b5-528e-4d06-bbe0-a7d180602bc1, e4e18b1b-d87b-4aa3-9cd9-5105a35154f7, 2607d00a-e679-491e-9b5b-ce12da1fc5b0, 7016b741-b611-4603-9a12-693638f13b0d, 9277b972-59cf-409e-82a4-d630885e8a29, 132c5fa7-dd11-430e-a1fb-99d8373689f2, f08b7896-763f-4da1-9a37-5ae5a184a530, d37cf5c1-da1a-420f-b624-2b9cf4b54712, c64f7ebb-7c15-43d6-93fc-b337eb0b1ffd, eebee2d3-2696-47f9-840e-859ff5fc324b","16, 17, 19, 23, 79, 24, 33, 40, 47, 64, 86, 87"
"Ministère du Travail,du Plein emploi et de l'Insertion-Occitanie",48919cb7-c02d-4246-bd8a-bb98c9424ed9,Frédéric LECLERC,frederic.leclerc@dreets.gouv.fr,"39ecfbae-14bd-43bd-b01b-ec94a41ca0f9, 6df89508-fe8f-4ffd-91cd-a1892cec4676, 951c6243-6079-41b0-b561-07eddf15e223, 2ac372ad-2a21-4b1d-8f2d-10e447813325, a7cf4381-a36c-47e4-9968-74f98c79fbf0, 2ebd553f-e49e-4a87-9c83-84b5dad746a1, 24ebe906-869a-4a63-8db9-1e7e31b1047a, e72abf9e-e7e4-4c97-9337-ba45078a10c4, c8cabd20-ae92-4faa-ab9f-6d8a8e73f4b3, e335058a-7ba0-4eef-9225-b4d07e1f2268, ac4c0ea6-6bcc-4e10-acde-0ab86632c16c, 785abe49-d2ab-4717-af71-2c96f998b321, f7cd7a26-663b-4c1e-973f-2acc1977a93b, 6162e26d-3d38-461b-9fb4-651d18d91879, b41e5179-ca2c-4d6b-a1ad-de4be14231ab, 37c0d786-3a75-40a9-b5a8-bed5d8053888, 9e2073e9-41ed-44a0-8dd2-c215437e29ee, 93e70c5c-28d8-46c4-a76e-b616df76e4d6, 2bfa316b-5bd2-48f9-9062-afb066bb9e56, 84606408-f234-4a66-b2ab-56e18809808e, 610b6e86-9435-4781-abda-4cad3a746f32, 59c0c9b8-353a-425e-9950-f61f2b0e0ae3, 032036b5-528e-4d06-bbe0-a7d180602bc1, e4e18b1b-d87b-4aa3-9cd9-5105a35154f7, 2607d00a-e679-491e-9b5b-ce12da1fc5b0, 7016b741-b611-4603-9a12-693638f13b0d, 9277b972-59cf-409e-82a4-d630885e8a29, 132c5fa7-dd11-430e-a1fb-99d8373689f2, f08b7896-763f-4da1-9a37-5ae5a184a530, d37cf5c1-da1a-420f-b624-2b9cf4b54712, c64f7ebb-7c15-43d6-93fc-b337eb0b1ffd, eebee2d3-2696-47f9-840e-859ff5fc324b","09, 11, 12, 30, 32, 31, 65, 34, 46, 48, 66, 81, 82"
"Ministère du Travail,du Plein emploi et de l'Insertion-Pays de la Loire",1d4ef0b9-62d5-486a-80c2-a48069e45c32,Denis LARCHE,denis.larche@dreets.gouv.fr,"39ecfbae-14bd-43bd-b01b-ec94a41ca0f9, 6df89508-fe8f-4ffd-91cd-a1892cec4676, 951c6243-6079-41b0-b561-07eddf15e223, 2ac372ad-2a21-4b1d-8f2d-10e447813325, a7cf4381-a36c-47e4-9968-74f98c79fbf0, 2ebd553f-e49e-4a87-9c83-84b5dad746a1, 24ebe906-869a-4a63-8db9-1e7e31b1047a, e72abf9e-e7e4-4c97-9337-ba45078a10c4, c8cabd20-ae92-4faa-ab9f-6d8a8e73f4b3, e335058a-7ba0-4eef-9225-b4d07e1f2268, ac4c0ea6-6bcc-4e10-acde-0ab86632c16c, 785abe49-d2ab-4717-af71-2c96f998b321, f7cd7a26-663b-4c1e-973f-2acc1977a93b, 6162e26d-3d38-461b-9fb4-651d18d91879, b41e5179-ca2c-4d6b-a1ad-de4be14231ab, 37c0d786-3a75-40a9-b5a8-bed5d8053888, 9e2073e9-41ed-44a0-8dd2-c215437e29ee, 93e70c5c-28d8-46c4-a76e-b616df76e4d6, 2bfa316b-5bd2-48f9-9062-afb066bb9e56, 84606408-f234-4a66-b2ab-56e18809808e, 610b6e86-9435-4781-abda-4cad3a746f32, 59c0c9b8-353a-425e-9950-f61f2b0e0ae3, 032036b5-528e-4d06-bbe0-a7d180602bc1, e4e18b1b-d87b-4aa3-9cd9-5105a35154f7, 2607d00a-e679-491e-9b5b-ce12da1fc5b0, 7016b741-b611-4603-9a12-693638f13b0d, 9277b972-59cf-409e-82a4-d630885e8a29, 132c5fa7-dd11-430e-a1fb-99d8373689f2, f08b7896-763f-4da1-9a37-5ae5a184a530, d37cf5c1-da1a-420f-b624-2b9cf4b54712, c64f7ebb-7c15-43d6-93fc-b337eb0b1ffd, eebee2d3-2696-47f9-840e-859ff5fc324b","44, 49, 53, 72, 85"
"Ministère du Travail,du Plein emploi et de l'Insertion-Provence-Alpes-Côte d'Azur",bbce21aa-d2a5-4b7d-8be3-f5c745d321cd,Corinne MANGIANTE,corinne.mangiante@dreets.gouv.fr,"39ecfbae-14bd-43bd-b01b-ec94a41ca0f9, 6df89508-fe8f-4ffd-91cd-a1892cec4676, 951c6243-6079-41b0-b561-07eddf15e223, 2ac372ad-2a21-4b1d-8f2d-10e447813325, a7cf4381-a36c-47e4-9968-74f98c79fbf0, 2ebd553f-e49e-4a87-9c83-84b5dad746a1, 24ebe906-869a-4a63-8db9-1e7e31b1047a, e72abf9e-e7e4-4c97-9337-ba45078a10c4, c8cabd20-ae92-4faa-ab9f-6d8a8e73f4b3, e335058a-7ba0-4eef-9225-b4d07e1f2268, ac4c0ea6-6bcc-4e10-acde-0ab86632c16c, 785abe49-d2ab-4717-af71-2c96f998b321, f7cd7a26-663b-4c1e-973f-2acc1977a93b, 6162e26d-3d38-461b-9fb4-651d18d91879, b41e5179-ca2c-4d6b-a1ad-de4be14231ab, 37c0d786-3a75-40a9-b5a8-bed5d8053888, 9e2073e9-41ed-44a0-8dd2-c215437e29ee, 93e70c5c-28d8-46c4-a76e-b616df76e4d6, 2bfa316b-5bd2-48f9-9062-afb066bb9e56, 84606408-f234-4a66-b2ab-56e18809808e, 610b6e86-9435-4781-abda-4cad3a746f32, 59c0c9b8-353a-425e-9950-f61f2b0e0ae3, 032036b5-528e-4d06-bbe0-a7d180602bc1, e4e18b1b-d87b-4aa3-9cd9-5105a35154f7, 2607d00a-e679-491e-9b5b-ce12da1fc5b0, 7016b741-b611-4603-9a12-693638f13b0d, 9277b972-59cf-409e-82a4-d630885e8a29, 132c5fa7-dd11-430e-a1fb-99d8373689f2, f08b7896-763f-4da1-9a37-5ae5a184a530, d37cf5c1-da1a-420f-b624-2b9cf4b54712, c64f7ebb-7c15-43d6-93fc-b337eb0b1ffd, eebee2d3-2696-47f9-840e-859ff5fc324b","04, 05, 06, 13, 83, 84"
"Ministère du Travail,du Plein emploi et de l'Insertion-Guadeloupe",fb0af2b1-6492-45df-bf51-9c6799de35fd,Eliane DELAFOSSE,eliane.delafosse@deets.gouv.fr,"39ecfbae-14bd-43bd-b01b-ec94a41ca0f9, 6df89508-fe8f-4ffd-91cd-a1892cec4676, 951c6243-6079-41b0-b561-07eddf15e223, 2ac372ad-2a21-4b1d-8f2d-10e447813325, a7cf4381-a36c-47e4-9968-74f98c79fbf0, 2ebd553f-e49e-4a87-9c83-84b5dad746a1, 24ebe906-869a-4a63-8db9-1e7e31b1047a, e72abf9e-e7e4-4c97-9337-ba45078a10c4, c8cabd20-ae92-4faa-ab9f-6d8a8e73f4b3, e335058a-7ba0-4eef-9225-b4d07e1f2268, ac4c0ea6-6bcc-4e10-acde-0ab86632c16c, 785abe49-d2ab-4717-af71-2c96f998b321, f7cd7a26-663b-4c1e-973f-2acc1977a93b, 6162e26d-3d38-461b-9fb4-651d18d91879, b41e5179-ca2c-4d6b-a1ad-de4be14231ab, 37c0d786-3a75-40a9-b5a8-bed5d8053888, 9e2073e9-41ed-44a0-8dd2-c215437e29ee, 93e70c5c-28d8-46c4-a76e-b616df76e4d6, 2bfa316b-5bd2-48f9-9062-afb066bb9e56, 84606408-f234-4a66-b2ab-56e18809808e, 610b6e86-9435-4781-abda-4cad3a746f32, 59c0c9b8-353a-425e-9950-f61f2b0e0ae3, 032036b5-528e-4d06-bbe0-a7d180602bc1, e4e18b1b-d87b-4aa3-9cd9-5105a35154f7, 2607d00a-e679-491e-9b5b-ce12da1fc5b0, 7016b741-b611-4603-9a12-693638f13b0d, 9277b972-59cf-409e-82a4-d630885e8a29, 132c5fa7-dd11-430e-a1fb-99d8373689f2, f08b7896-763f-4da1-9a37-5ae5a184a530, d37cf5c1-da1a-420f-b624-2b9cf4b54712, c64f7ebb-7c15-43d6-93fc-b337eb0b1ffd, eebee2d3-2696-47f9-840e-859ff5fc324b",971
"Ministère du Travail,du Plein emploi et de l'Insertion-Martinique",084c2dc9-7c2a-40e4-8179-f32095850f3e,Sylvie CHAMPROBERT-FALAYE,sylvie.champrobertfalaye@deets.gouv.fr,"39ecfbae-14bd-43bd-b01b-ec94a41ca0f9, 6df89508-fe8f-4ffd-91cd-a1892cec4676, 951c6243-6079-41b0-b561-07eddf15e223, 2ac372ad-2a21-4b1d-8f2d-10e447813325, a7cf4381-a36c-47e4-9968-74f98c79fbf0, 2ebd553f-e49e-4a87-9c83-84b5dad746a1, 24ebe906-869a-4a63-8db9-1e7e31b1047a, e72abf9e-e7e4-4c97-9337-ba45078a10c4, c8cabd20-ae92-4faa-ab9f-6d8a8e73f4b3, e335058a-7ba0-4eef-9225-b4d07e1f2268, ac4c0ea6-6bcc-4e10-acde-0ab86632c16c, 785abe49-d2ab-4717-af71-2c96f998b321, f7cd7a26-663b-4c1e-973f-2acc1977a93b, 6162e26d-3d38-461b-9fb4-651d18d91879, b41e5179-ca2c-4d6b-a1ad-de4be14231ab, 37c0d786-3a75-40a9-b5a8-bed5d8053888, 9e2073e9-41ed-44a0-8dd2-c215437e29ee, 93e70c5c-28d8-46c4-a76e-b616df76e4d6, 2bfa316b-5bd2-48f9-9062-afb066bb9e56, 84606408-f234-4a66-b2ab-56e18809808e, 610b6e86-9435-4781-abda-4cad3a746f32, 59c0c9b8-353a-425e-9950-f61f2b0e0ae3, 032036b5-528e-4d06-bbe0-a7d180602bc1, e4e18b1b-d87b-4aa3-9cd9-5105a35154f7, 2607d00a-e679-491e-9b5b-ce12da1fc5b0, 7016b741-b611-4603-9a12-693638f13b0d, 9277b972-59cf-409e-82a4-d630885e8a29, 132c5fa7-dd11-430e-a1fb-99d8373689f2, f08b7896-763f-4da1-9a37-5ae5a184a530, d37cf5c1-da1a-420f-b624-2b9cf4b54712, c64f7ebb-7c15-43d6-93fc-b337eb0b1ffd, eebee2d3-2696-47f9-840e-859ff5fc324b",972
"Ministère du Travail,du Plein emploi et de l'Insertion-Guyane",1b3d5861-8b04-4f0d-8552-760bc498b6da,Karine GAGNEBE,karine.gagnebe@guyane.pref.gouv.fr,"39ecfbae-14bd-43bd-b01b-ec94a41ca0f9, 6df89508-fe8f-4ffd-91cd-a1892cec4676, 951c6243-6079-41b0-b561-07eddf15e223, 2ac372ad-2a21-4b1d-8f2d-10e447813325, a7cf4381-a36c-47e4-9968-74f98c79fbf0, 2ebd553f-e49e-4a87-9c83-84b5dad746a1, 24ebe906-869a-4a63-8db9-1e7e31b1047a, e72abf9e-e7e4-4c97-9337-ba45078a10c4, c8cabd20-ae92-4faa-ab9f-6d8a8e73f4b3, e335058a-7ba0-4eef-9225-b4d07e1f2268, ac4c0ea6-6bcc-4e10-acde-0ab86632c16c, 785abe49-d2ab-4717-af71-2c96f998b321, f7cd7a26-663b-4c1e-973f-2acc1977a93b, 6162e26d-3d38-461b-9fb4-651d18d91879, b41e5179-ca2c-4d6b-a1ad-de4be14231ab, 37c0d786-3a75-40a9-b5a8-bed5d8053888, 9e2073e9-41ed-44a0-8dd2-c215437e29ee, 93e70c5c-28d8-46c4-a76e-b616df76e4d6, 2bfa316b-5bd2-48f9-9062-afb066bb9e56, 84606408-f234-4a66-b2ab-56e18809808e, 610b6e86-9435-4781-abda-4cad3a746f32, 59c0c9b8-353a-425e-9950-f61f2b0e0ae3, 032036b5-528e-4d06-bbe0-a7d180602bc1, e4e18b1b-d87b-4aa3-9cd9-5105a35154f7, 2607d00a-e679-491e-9b5b-ce12da1fc5b0, 7016b741-b611-4603-9a12-693638f13b0d, 9277b972-59cf-409e-82a4-d630885e8a29, 132c5fa7-dd11-430e-a1fb-99d8373689f2, f08b7896-763f-4da1-9a37-5ae5a184a530, d37cf5c1-da1a-420f-b624-2b9cf4b54712, c64f7ebb-7c15-43d6-93fc-b337eb0b1ffd, eebee2d3-2696-47f9-840e-859ff5fc324b",973
"Ministère du Travail,du Plein emploi et de l'Insertion-La Réunion",01d75488-41ae-496a-92d8-ceb705da2840,Isabelle ALLIOT-MICHOUX,isabelle.alliot-michoux@deets.gouv.fr,"39ecfbae-14bd-43bd-b01b-ec94a41ca0f9, 6df89508-fe8f-4ffd-91cd-a1892cec4676, 951c6243-6079-41b0-b561-07eddf15e223, 2ac372ad-2a21-4b1d-8f2d-10e447813325, a7cf4381-a36c-47e4-9968-74f98c79fbf0, 2ebd553f-e49e-4a87-9c83-84b5dad746a1, 24ebe906-869a-4a63-8db9-1e7e31b1047a, e72abf9e-e7e4-4c97-9337-ba45078a10c4, c8cabd20-ae92-4faa-ab9f-6d8a8e73f4b3, e335058a-7ba0-4eef-9225-b4d07e1f2268, ac4c0ea6-6bcc-4e10-acde-0ab86632c16c, 785abe49-d2ab-4717-af71-2c96f998b321, f7cd7a26-663b-4c1e-973f-2acc1977a93b, 6162e26d-3d38-461b-9fb4-651d18d91879, b41e5179-ca2c-4d6b-a1ad-de4be14231ab, 37c0d786-3a75-40a9-b5a8-bed5d8053888, 9e2073e9-41ed-44a0-8dd2-c215437e29ee, 93e70c5c-28d8-46c4-a76e-b616df76e4d6, 2bfa316b-5bd2-48f9-9062-afb066bb9e56, 84606408-f234-4a66-b2ab-56e18809808e, 610b6e86-9435-4781-abda-4cad3a746f32, 59c0c9b8-353a-425e-9950-f61f2b0e0ae3, 032036b5-528e-4d06-bbe0-a7d180602bc1, e4e18b1b-d87b-4aa3-9cd9-5105a35154f7, 2607d00a-e679-491e-9b5b-ce12da1fc5b0, 7016b741-b611-4603-9a12-693638f13b0d, 9277b972-59cf-409e-82a4-d630885e8a29, 132c5fa7-dd11-430e-a1fb-99d8373689f2, f08b7896-763f-4da1-9a37-5ae5a184a530, d37cf5c1-da1a-420f-b624-2b9cf4b54712, c64f7ebb-7c15-43d6-93fc-b337eb0b1ffd, eebee2d3-2696-47f9-840e-859ff5fc324b",974
"Ministère du Travail,du Plein emploi et de l'Insertion-Mayotte",b33bb35a-85f4-46be-81bd-9ede3a0eba4a,Emilie BOURGEOIS,emilie.bourgeois@deets.gouv.fr,"39ecfbae-14bd-43bd-b01b-ec94a41ca0f9, 6df89508-fe8f-4ffd-91cd-a1892cec4676, 951c6243-6079-41b0-b561-07eddf15e223, 2ac372ad-2a21-4b1d-8f2d-10e447813325, a7cf4381-a36c-47e4-9968-74f98c79fbf0, 2ebd553f-e49e-4a87-9c83-84b5dad746a1, 24ebe906-869a-4a63-8db9-1e7e31b1047a, e72abf9e-e7e4-4c97-9337-ba45078a10c4, c8cabd20-ae92-4faa-ab9f-6d8a8e73f4b3, e335058a-7ba0-4eef-9225-b4d07e1f2268, ac4c0ea6-6bcc-4e10-acde-0ab86632c16c, 785abe49-d2ab-4717-af71-2c96f998b321, f7cd7a26-663b-4c1e-973f-2acc1977a93b, 6162e26d-3d38-461b-9fb4-651d18d91879, b41e5179-ca2c-4d6b-a1ad-de4be14231ab, 37c0d786-3a75-40a9-b5a8-bed5d8053888, 9e2073e9-41ed-44a0-8dd2-c215437e29ee, 93e70c5c-28d8-46c4-a76e-b616df76e4d6, 2bfa316b-5bd2-48f9-9062-afb066bb9e56, 84606408-f234-4a66-b2ab-56e18809808e, 610b6e86-9435-4781-abda-4cad3a746f32, 59c0c9b8-353a-425e-9950-f61f2b0e0ae3, 032036b5-528e-4d06-bbe0-a7d180602bc1, e4e18b1b-d87b-4aa3-9cd9-5105a35154f7, 2607d00a-e679-491e-9b5b-ce12da1fc5b0, 7016b741-b611-4603-9a12-693638f13b0d, 9277b972-59cf-409e-82a4-d630885e8a29, 132c5fa7-dd11-430e-a1fb-99d8373689f2, f08b7896-763f-4da1-9a37-5ae5a184a530, d37cf5c1-da1a-420f-b624-2b9cf4b54712, c64f7ebb-7c15-43d6-93fc-b337eb0b1ffd, eebee2d3-2696-47f9-840e-859ff5fc324b",976
XELYA/BCCA CNEAP -NATIONAL,d16e6dff-e3e3-4690-8936-f86c5cce2ef6,Anne-Sophie FOURNIER,anne-sophie.fournier@cneap.fr,464b1c80-2951-4174-b462-3400cd65fddb,"971, 973, 972, 974, 976, 01, 02, 03, 04, 05, 06, 07, 08, 09, 10, 11, 12, 67, 13, 14, 15, 16, 17, 18, 19, 2A, 21, 22, 23, 79, 24, 25, 26, 27, 28, 29, 30, 32, 33, 2B, 31, 43, 52, 65, 70, 74, 34, 35, 36, 37, 38, 39, 40, 41, 42, 44, 45, 46, 47, 48, 49, 50, 51, 53, 54, 55, 56, 57, 58, 59, 60, 61, 75, 62, 63, 66, 69, 71, 72, 73, 77, 76, 93, 80, 81, 82, 90, 95, 94, 83, 84, 85, 86, 88, 89, 78"
XELYA/BCCA CNEAP-NATIONAL,c99c1fab-e866-40ef-a87e-71904fac00b3,Stéphanie PERRON,stephanie.perron@xelya.com,e5a76f62-f35b-4d46-b19d-344cf1a623b5,"971, 973, 972, 974, 976, 01, 02, 03, 04, 05, 06, 07, 08, 09, 10, 11, 12, 67, 13, 14, 15, 16, 17, 18, 19, 2A, 21, 22, 23, 79, 24, 25, 26, 27, 28, 29, 30, 32, 33, 2B, 31, 43, 52, 65, 70, 74, 34, 35, 36, 37, 38, 39, 40, 41, 42, 44, 45, 46, 47, 48, 49, 50, 51, 53, 54, 55, 56, 57, 58, 59, 60, 61, 75, 62, 63, 66, 69, 71, 72, 73, 77, 76, 93, 80, 81, 82, 90, 95, 94, 83, 84, 85, 86, 88, 89, 78"
Ministère de l'Agriculture et de la Souveraineté alimentaire-Auvergne-Rhône-Alpes,c931445d-6be7-42bf-85f1-4e169e3ec70b,,srfd.draaf-auvergne-rhone-alpes@agriculture.gouv.fr,,"01, 03, 07, 15, 26, 38, 42, 43, 63, 69, 73, 74"
Ministère de l'Agriculture et de la Souveraineté alimentaire-Bourgogne-Franche-Comté,bc0e03ba-0b02-45fe-a4bc-537181abc980,,https://chlorofil.fr/systeme-educatif-agricole/structuration/acteurs/srfd,"e37fbaf6-42a0-4770-95eb-b8f421d52a88, 2de4679a-c385-4fe8-bb2d-b7c08f662ddb, da929b9d-6463-4682-a3f5-e95307f67d49","21, 25, 39, 58, 70, 71, 89, 90"
Ministère de l'Agriculture et de la Souveraineté alimentaire-Bretagne,1cccef17-5aab-4f4f-aed6-40069d77fb12,,https://chlorofil.fr/systeme-educatif-agricole/structuration/acteurs/srfd,"e37fbaf6-42a0-4770-95eb-b8f421d52a88, 2de4679a-c385-4fe8-bb2d-b7c08f662ddb, da929b9d-6463-4682-a3f5-e95307f67d49","22, 29, 35, 56"
Ministère de l'Agriculture et de la Souveraineté alimentaire-Centre-Val de Loire,6277308f-bae4-4736-a98f-b8f861c9b16a,,https://chlorofil.fr/systeme-educatif-agricole/structuration/acteurs/srfd,"e37fbaf6-42a0-4770-95eb-b8f421d52a88, 2de4679a-c385-4fe8-bb2d-b7c08f662ddb, da929b9d-6463-4682-a3f5-e95307f67d49","18, 28, 36, 37, 41, 45"
Ministère de l'Agriculture et de la Souveraineté alimentaire-Corse,b3e98db6-6a24-49e8-8e4a-d4c9249833b2,,https://chlorofil.fr/systeme-educatif-agricole/structuration/acteurs/srfd,"e37fbaf6-42a0-4770-95eb-b8f421d52a88, 2de4679a-c385-4fe8-bb2d-b7c08f662ddb, da929b9d-6463-4682-a3f5-e95307f67d49","2A, 2B"
Ministère de l'Agriculture et de la Souveraineté alimentaire-Grand Est,4bf076e8-b28f-424b-90d4-d6c710d3b5fa,,https://chlorofil.fr/systeme-educatif-agricole/structuration/acteurs/srfd,"e37fbaf6-42a0-4770-95eb-b8f421d52a88, 2de4679a-c385-4fe8-bb2d-b7c08f662ddb, da929b9d-6463-4682-a3f5-e95307f67d49","08, 10, 67, 68, 52, 51, 54, 55, 57, 88"
Ministère de l'Agriculture et de la Souveraineté alimentaire-Hauts-de-France,95643592-e860-499d-afd5-e8bb5dba4d41,,https://chlorofil.fr/systeme-educatif-agricole/structuration/acteurs/srfd,"e37fbaf6-42a0-4770-95eb-b8f421d52a88, 2de4679a-c385-4fe8-bb2d-b7c08f662ddb, da929b9d-6463-4682-a3f5-e95307f67d49","02, 59, 60, 62, 80"
Ministère de l'Agriculture et de la Souveraineté alimentaire-Île-de-France,0c6807f4-cb4d-4316-a819-05876b0f87c4,,https://chlorofil.fr/systeme-educatif-agricole/structuration/acteurs/srfd,"e37fbaf6-42a0-4770-95eb-b8f421d52a88, 2de4679a-c385-4fe8-bb2d-b7c08f662ddb, da929b9d-6463-4682-a3f5-e95307f67d49","75, 77, 78, 91, 92, 93, 94, 95"
Ministère de l'Agriculture et de la Souveraineté alimentaire-Normandie,06ea744e-eaf6-4cdd-8e43-d50a03b41722,,https://chlorofil.fr/systeme-educatif-agricole/structuration/acteurs/srfd,"e37fbaf6-42a0-4770-95eb-b8f421d52a88, 2de4679a-c385-4fe8-bb2d-b7c08f662ddb, da929b9d-6463-4682-a3f5-e95307f67d49","14, 27, 50, 61, 76"
Ministère de l'Agriculture et de la Souveraineté alimentaire-Nouvelle-Aquitaine,cac56045-4ff6-48aa-b402-ca89065c670e,,https://chlorofil.fr/systeme-educatif-agricole/structuration/acteurs/srfd,"e37fbaf6-42a0-4770-95eb-b8f421d52a88, 2de4679a-c385-4fe8-bb2d-b7c08f662ddb, da929b9d-6463-4682-a3f5-e95307f67d49","16, 17, 19, 23, 79, 24, 33, 40, 47, 64, 86, 87"
Ministère de l'Agriculture et de la Souveraineté alimentaire-Occitanie,8dbeab87-1f2d-4b46-a498-9c92fba5e608,,https://chlorofil.fr/systeme-educatif-agricole/structuration/acteurs/srfd,"e37fbaf6-42a0-4770-95eb-b8f421d52a88, 2de4679a-c385-4fe8-bb2d-b7c08f662ddb, da929b9d-6463-4682-a3f5-e95307f67d49","09, 11, 12, 30, 32, 31, 65, 34, 46, 48, 66, 81, 82"